ds,temp_max,temp_min,rainfall,humidity,wind_speed
2020-01-01,20.6,10.1,0.7,84.0,7.4
2020-01-02,21.2,13.4,0.0,86.0,9.5
2020-01-03,19.3,12.9,2.7,89.0,10.6
2020-01-04,19.0,12.8,2.1,90.0,9.5
2020-01-05,20.1,12.3,0.2,83.0,19.6
2020-01-06,20.1,11.6,0.0,82.0,13.2
2020-01-07,20.2,10.8,0.0,87.0,9.4
2020-01-08,19.2,12.2,0.6,86.0,15.0
2020-01-09,21.2,13.6,3.4,86.0,15.8
2020-01-10,17.9,10.9,0.2,88.0,18.0
2020-01-11,17.9,9.8,0.0,81.0,14.3
2020-01-12,18.0,8.8,0.0,85.0,11.9
2020-01-13,18.8,8.7,0.0,86.0,10.2
2020-01-14,19.4,10.1,0.0,88.0,9.7
2020-01-15,20.1,10.2,0.0,86.0,9.5
2020-01-16,22.5,11.9,0.0,83.0,13.6
2020-01-17,22.7,15.5,1.0,85.0,15.0
2020-01-18,21.7,15.1,0.9,88.0,9.6
2020-01-19,20.4,13.0,0.0,80.0,14.9
2020-01-20,19.7,11.1,0.0,80.0,13.5
2020-01-21,19.3,9.5,0.0,83.0,10.1
2020-01-22,19.3,9.1,0.0,87.0,9.5
2020-01-23,20.6,10.7,0.0,79.0,15.2
2020-01-24,18.8,10.4,0.0,74.0,14.8
2020-01-25,19.2,9.7,0.0,79.0,12.3
2020-01-26,19.8,9.9,0.0,79.0,13.7
2020-01-27,21.4,10.4,0.0,80.0,11.2
2020-01-28,19.8,11.3,0.4,84.0,13.1
2020-01-29,22.9,14.6,0.1,85.0,15.3
2020-01-30,21.5,14.0,0.9,83.0,17.5
2020-01-31,20.6,11.5,0.0,71.0,12.4
2020-02-01,21.1,9.0,0.0,68.0,15.2
2020-02-02,20.7,11.1,0.0,66.0,20.8
2020-02-03,20.7,9.3,0.0,71.0,12.1
2020-02-04,21.3,9.1,0.0,72.0,10.9
2020-02-05,22.5,10.3,0.0,72.0,18.1
2020-02-06,21.7,11.2,0.0,68.0,12.1
2020-02-07,22.2,10.1,0.0,69.0,11.6
2020-02-08,22.6,12.4,0.0,63.0,13.6
2020-02-09,21.6,9.3,0.0,64.0,12.4
2020-02-10,23.1,10.7,0.0,69.0,12.4
2020-02-11,23.1,10.4,0.0,70.0,14.0
2020-02-12,22.9,10.5,0.0,68.0,15.6
2020-02-13,24.5,11.7,0.0,71.0,13.5
2020-02-14,25.2,13.6,0.0,78.0,18.4
2020-02-15,24.8,14.2,0.0,68.0,14.3
2020-02-16,24.8,11.7,0.0,72.0,11.2
2020-02-17,25.8,12.1,0.0,70.0,11.4
2020-02-18,26.2,14.9,0.0,67.0,14.0
2020-02-19,25.9,11.3,0.0,62.0,10.5
2020-02-20,25.3,13.5,0.0,71.0,11.3
2020-02-21,28.2,16.0,0.0,72.0,18.8
2020-02-22,25.2,18.1,4.4,70.0,19.0
2020-02-23,27.2,17.2,0.9,75.0,11.1
2020-02-24,23.8,16.7,5.8,83.0,13.5
2020-02-25,22.2,16.7,0.0,85.0,23.4
2020-02-26,21.4,15.8,4.9,87.0,9.6
2020-02-27,23.2,15.0,0.0,78.0,7.0
2020-02-28,25.1,14.5,0.0,76.0,10.3
2020-02-29,26.3,15.3,0.0,75.0,10.1
2020-03-01,27.3,17.9,0.0,73.0,10.2
2020-03-02,26.9,17.0,0.0,78.0,13.4
2020-03-03,29.0,16.6,0.0,70.0,10.3
2020-03-04,28.2,18.8,0.0,69.0,13.1
2020-03-05,27.8,18.9,0.1,72.0,16.6
2020-03-06,27.8,18.2,1.1,74.0,19.7
2020-03-07,26.9,19.0,2.5,77.0,16.0
2020-03-08,27.0,16.9,0.0,69.0,20.2
2020-03-09,27.0,16.7,0.0,63.0,16.6
2020-03-10,27.3,14.9,0.0,61.0,10.4
2020-03-11,27.9,17.3,0.0,66.0,10.6
2020-03-12,30.0,19.0,0.3,71.0,10.1
2020-03-13,24.2,20.6,31.7,88.0,14.5
2020-03-14,23.9,18.8,4.1,89.0,16.5
2020-03-15,28.5,17.7,0.1,77.0,11.6
2020-03-16,28.4,17.1,0.0,65.0,15.8
2020-03-17,28.1,16.8,0.0,64.0,14.1
2020-03-18,29.7,17.2,0.0,62.0,17.5
2020-03-19,31.0,17.1,0.0,61.0,15.0
2020-03-20,29.4,17.7,0.0,58.0,11.4
2020-03-21,28.8,18.7,2.9,65.0,13.9
2020-03-22,28.7,18.6,6.0,72.0,12.1
2020-03-23,29.4,19.7,0.1,67.0,18.0
2020-03-24,32.0,19.7,0.0,63.0,10.1
2020-03-25,32.9,20.4,0.0,57.0,18.5
2020-03-26,34.2,21.0,0.0,50.0,22.4
2020-03-27,35.6,20.5,0.0,47.0,26.6
2020-03-28,33.7,23.7,0.0,51.0,27.0
2020-03-29,33.4,22.2,0.0,42.0,30.2
2020-03-30,33.5,21.2,0.0,36.0,25.5
2020-03-31,33.8,18.5,0.0,41.0,19.3
2020-04-01,35.8,19.3,0.0,43.0,21.4
2020-04-02,35.8,21.9,0.0,41.0,20.8
2020-04-03,34.6,22.1,0.0,33.0,25.5
2020-04-04,34.9,19.2,0.0,35.0,19.0
2020-04-05,35.2,19.2,0.0,37.0,20.8
2020-04-06,36.6,20.9,0.0,32.0,29.1
2020-04-07,37.8,22.1,0.0,30.0,26.2
2020-04-08,37.7,20.8,0.0,35.0,23.8
2020-04-09,36.4,21.0,0.0,42.0,27.1
2020-04-10,37.0,21.3,0.0,40.0,13.6
2020-04-11,36.2,23.4,0.0,49.0,13.8
2020-04-12,36.3,22.3,0.0,54.0,17.0
2020-04-13,36.7,24.5,0.0,55.0,17.2
2020-04-14,36.2,25.4,0.3,55.0,20.8
2020-04-15,35.1,24.9,0.7,64.0,18.4
2020-04-16,35.2,24.0,0.1,65.0,20.1
2020-04-17,34.5,22.4,0.6,68.0,20.6
2020-04-18,34.8,23.4,1.0,64.0,20.5
2020-04-19,36.0,23.2,0.4,61.0,15.1
2020-04-20,34.3,24.1,0.1,67.0,26.0
2020-04-21,28.1,22.5,3.0,75.0,22.7
2020-04-22,32.4,20.9,0.0,64.0,18.1
2020-04-23,33.3,23.0,0.5,68.0,18.4
2020-04-24,30.6,22.6,1.1,68.0,18.5
2020-04-25,30.2,22.4,0.0,73.0,23.1
2020-04-26,28.9,21.3,26.6,77.0,22.7
2020-04-27,28.8,22.1,4.2,78.0,17.4
2020-04-28,29.4,23.0,3.2,78.0,19.2
2020-04-29,30.2,21.8,0.1,75.0,14.3
2020-04-30,31.8,23.6,0.0,70.0,14.1
2020-05-01,30.1,22.5,5.7,79.0,22.8
2020-05-02,28.3,22.0,5.1,83.0,17.9
2020-05-03,31.8,22.3,0.0,73.0,12.8
2020-05-04,33.8,24.7,0.2,68.0,19.9
2020-05-05,29.9,24.7,9.4,81.0,14.1
2020-05-06,31.1,22.2,0.1,76.0,22.3
2020-05-07,31.0,23.3,8.6,83.0,27.2
2020-05-08,32.1,22.6,0.0,75.0,12.8
2020-05-09,33.8,24.2,0.0,70.0,17.8
2020-05-10,33.4,25.3,1.4,70.0,20.7
2020-05-11,32.0,23.6,5.8,75.0,10.6
2020-05-12,31.1,24.6,0.9,75.0,15.1
2020-05-13,33.5,25.4,0.5,71.0,8.0
2020-05-14,35.8,27.0,0.1,67.0,18.6
2020-05-15,34.7,25.4,0.0,67.0,18.6
2020-05-16,38.0,27.2,0.0,59.0,13.1
2020-05-17,38.5,24.7,0.0,58.0,17.2
2020-05-18,38.0,26.6,0.0,61.0,15.5
2020-05-19,37.0,28.1,0.0,63.0,21.5
2020-05-20,31.1,27.1,0.7,68.0,20.8
2020-05-21,31.1,24.3,3.9,71.0,18.7
2020-05-22,35.2,24.3,0.0,66.0,19.1
2020-05-23,35.9,24.5,0.0,70.0,19.1
2020-05-24,38.3,26.7,0.0,67.0,13.7
2020-05-25,41.1,27.9,0.0,62.0,16.8
2020-05-26,40.5,28.2,0.0,61.0,20.6
2020-05-27,34.1,25.6,0.0,68.0,29.8
2020-05-28,31.8,24.2,0.1,69.0,26.8
2020-05-29,33.9,24.5,1.1,67.0,26.2
2020-05-30,34.7,25.1,2.0,67.0,23.9
2020-05-31,32.8,25.6,2.0,73.0,19.1
2020-06-01,34.2,25.7,2.4,69.0,18.4
2020-06-02,35.4,27.2,0.0,63.0,18.1
2020-06-03,35.5,27.3,0.1,60.0,16.0
2020-06-04,33.3,25.2,0.4,68.0,16.3
2020-06-05,29.5,24.6,47.4,88.0,26.7
2020-06-06,32.7,24.5,0.4,76.0,19.1
2020-06-07,33.5,25.2,0.0,74.0,12.9
2020-06-08,34.5,26.2,0.6,74.0,12.2
2020-06-09,34.9,27.4,0.0,71.0,12.4
2020-06-10,36.0,28.8,0.2,68.0,14.1
2020-06-11,35.6,29.0,0.2,66.0,16.1
2020-06-12,34.6,27.7,0.8,72.0,19.4
2020-06-13,33.0,26.9,1.5,75.0,21.9
2020-06-14,33.3,26.0,5.8,80.0,21.0
2020-06-15,31.6,25.9,15.3,87.0,16.6
2020-06-16,29.8,26.4,9.3,89.0,19.5
2020-06-17,32.0,26.0,20.3,86.0,19.1
2020-06-18,30.9,26.2,5.2,87.0,15.9
2020-06-19,31.7,25.8,29.6,90.0,19.5
2020-06-20,31.1,25.6,11.2,86.0,22.8
2020-06-21,31.4,26.7,3.9,83.0,25.5
2020-06-22,32.5,26.1,24.9,86.0,22.2
2020-06-23,32.4,26.6,8.3,82.0,24.2
2020-06-24,32.5,27.4,8.5,81.0,14.2
2020-06-25,32.4,26.4,35.8,89.0,18.5
2020-06-26,30.7,26.0,31.0,89.0,19.7
2020-06-27,32.0,25.8,6.1,86.0,20.1
2020-06-28,30.0,26.0,29.3,91.0,13.2
2020-06-29,29.5,25.5,101.7,91.0,12.7
2020-06-30,32.0,26.0,14.0,87.0,11.7
2020-07-01,33.3,27.5,4.1,83.0,11.0
2020-07-02,34.4,26.8,19.5,83.0,14.4
2020-07-03,30.7,26.5,31.4,89.0,16.0
2020-07-04,32.0,26.2,20.9,87.0,22.7
2020-07-05,32.7,26.7,1.9,83.0,15.7
2020-07-06,30.3,26.5,19.6,89.0,22.9
2020-07-07,31.6,26.2,15.3,89.0,25.4
2020-07-08,32.3,26.0,20.0,86.0,12.4
2020-07-09,31.7,26.2,23.3,90.0,15.3
2020-07-10,32.7,26.5,21.1,89.0,19.2
2020-07-11,30.0,26.0,6.9,88.0,22.0
2020-07-12,32.3,26.8,15.9,85.0,15.8
2020-07-13,32.2,26.8,6.9,88.0,10.2
2020-07-14,32.6,26.0,20.9,88.0,11.7
2020-07-15,32.3,26.5,9.9,84.0,20.5
2020-07-16,32.9,27.1,1.6,78.0,17.7
2020-07-17,33.5,27.6,0.6,75.0,16.6
2020-07-18,31.8,28.2,13.2,85.0,13.0
2020-07-19,31.0,27.3,33.1,91.0,10.8
2020-07-20,30.2,25.9,23.1,91.0,17.3
2020-07-21,28.9,25.7,25.4,92.0,14.2
2020-07-22,32.5,25.8,10.5,88.0,13.3
2020-07-23,28.6,25.7,33.3,93.0,10.1
2020-07-24,30.1,25.2,24.2,90.0,15.2
2020-07-25,31.5,25.9,6.9,87.0,12.4
2020-07-26,32.7,26.8,3.8,84.0,8.3
2020-07-27,32.3,27.1,8.3,85.0,16.2
2020-07-28,31.5,26.6,19.2,89.0,10.9
2020-07-29,30.8,26.2,14.4,89.0,7.6
2020-07-30,30.4,27.0,7.0,90.0,12.5
2020-07-31,31.5,26.7,12.5,91.0,8.1
2020-08-01,31.5,25.7,10.0,89.0,12.2
2020-08-02,33.1,26.7,7.0,84.0,8.4
2020-08-03,33.3,27.4,6.3,83.0,11.1
2020-08-04,35.3,27.7,6.9,80.0,12.1
2020-08-05,34.3,27.6,7.4,81.0,27.8
2020-08-06,31.7,27.6,2.1,80.0,40.9
2020-08-07,32.3,27.1,3.6,86.0,13.7
2020-08-08,33.4,27.6,4.1,84.0,8.9
2020-08-09,31.8,28.0,3.9,85.0,18.0
2020-08-10,33.1,27.4,1.0,83.0,17.3
2020-08-11,32.1,27.8,14.9,87.0,13.9
2020-08-12,31.6,26.5,14.6,91.0,11.2
2020-08-13,32.2,26.8,6.9,86.0,15.1
2020-08-14,33.3,27.5,1.1,81.0,15.5
2020-08-15,32.8,27.5,0.9,81.0,19.9
2020-08-16,32.4,27.3,1.6,79.0,26.3
2020-08-17,31.8,27.1,3.0,83.0,23.1
2020-08-18,32.7,26.9,5.4,83.0,15.6
2020-08-19,33.1,27.4,2.6,79.0,20.6
2020-08-20,30.1,26.6,3.6,80.0,37.5
2020-08-21,29.9,26.4,4.1,84.0,34.3
2020-08-22,30.5,25.0,22.3,90.0,20.0
2020-08-23,31.1,26.1,18.6,89.0,10.1
2020-08-24,32.2,26.1,10.1,87.0,10.0
2020-08-25,32.8,26.7,4.7,85.0,9.4
2020-08-26,32.7,26.6,25.1,81.0,18.4
2020-08-27,31.2,26.2,5.3,81.0,27.4
2020-08-28,30.9,26.0,2.7,83.0,21.6
2020-08-29,32.7,26.7,0.8,79.0,18.8
2020-08-30,33.3,26.3,0.1,78.0,11.9
2020-08-31,33.5,27.2,0.4,77.0,19.2
2020-09-01,33.1,26.8,14.7,79.0,12.4
2020-09-02,31.5,26.1,16.2,85.0,20.4
2020-09-03,32.8,26.5,0.7,79.0,15.1
2020-09-04,33.4,27.0,1.5,82.0,7.6
2020-09-05,33.1,27.5,2.8,83.0,10.0
2020-09-06,32.9,27.2,5.2,85.0,9.7
2020-09-07,31.8,26.1,3.6,88.0,10.5
2020-09-08,31.8,26.3,11.0,90.0,11.2
2020-09-09,32.1,26.9,4.3,89.0,11.7
2020-09-10,31.0,26.2,24.9,90.0,10.2
2020-09-11,30.2,25.4,11.4,89.0,8.3
2020-09-12,30.8,25.7,8.9,90.0,15.2
2020-09-13,30.8,26.4,6.6,90.0,14.7
2020-09-14,31.4,26.7,4.3,89.0,10.7
2020-09-15,31.5,26.4,10.0,89.0,8.9
2020-09-16,31.5,26.6,4.7,88.0,8.6
2020-09-17,31.3,26.6,11.1,91.0,12.2
2020-09-18,30.1,25.8,2.1,90.0,11.3
2020-09-19,32.3,25.5,8.8,84.0,15.2
2020-09-20,33.8,26.1,3.3,81.0,10.7
2020-09-21,30.5,26.6,6.1,86.0,21.1
2020-09-22,28.7,25.4,14.9,92.0,26.9
2020-09-23,30.8,25.2,20.9,91.0,21.1
2020-09-24,30.3,25.9,17.5,91.0,19.2
2020-09-25,28.3,25.6,20.5,93.0,17.4
2020-09-26,29.7,24.4,2.5,91.0,16.3
2020-09-27,31.2,24.2,0.3,89.0,7.6
2020-09-28,31.7,25.8,1.0,85.0,6.6
2020-09-29,32.6,25.3,0.2,81.0,13.0
2020-09-30,32.2,24.6,0.1,80.0,8.1
2020-10-01,32.4,26.3,0.1,81.0,6.2
2020-10-02,30.8,27.2,4.1,88.0,9.3
2020-10-03,30.6,26.3,4.7,89.0,10.6
2020-10-04,30.0,25.7,10.4,90.0,10.4
2020-10-05,30.9,25.5,11.6,88.0,6.8
2020-10-06,30.8,25.4,4.3,88.0,9.2
2020-10-07,30.7,25.8,1.0,89.0,12.0
2020-10-08,31.6,25.6,0.1,85.0,8.9
2020-10-09,31.7,27.0,1.0,85.0,5.8
2020-10-10,32.5,25.5,0.0,80.0,8.0
2020-10-11,32.4,24.4,0.0,73.0,8.1
2020-10-12,31.6,25.5,0.3,79.0,7.0
2020-10-13,32.5,26.7,0.2,82.0,11.3
2020-10-14,32.3,25.8,0.0,83.0,8.4
2020-10-15,32.5,26.2,0.2,81.0,8.1
2020-10-16,32.3,25.7,0.1,79.0,7.3
2020-10-17,32.9,25.2,0.0,78.0,7.8
2020-10-18,32.8,24.0,0.0,75.0,8.4
2020-10-19,32.5,22.9,0.0,73.0,11.4
2020-10-20,32.1,23.5,0.0,76.0,8.4
2020-10-21,31.3,24.9,0.0,76.0,7.1
2020-10-22,30.7,25.1,0.7,78.0,8.6
2020-10-23,30.8,23.4,2.4,79.0,6.8
2020-10-24,31.9,23.4,0.0,69.0,15.4
2020-10-25,30.7,19.5,0.0,64.0,10.9
2020-10-26,30.6,19.1,0.0,67.0,13.3
2020-10-27,30.2,18.7,0.0,70.0,10.9
2020-10-28,30.6,18.7,0.0,65.0,10.7
2020-10-29,30.5,18.8,0.0,60.0,10.8
2020-10-30,30.4,19.9,0.0,61.0,9.7
2020-10-31,30.9,21.6,0.0,65.0,13.2
2020-11-01,30.8,21.5,0.0,64.0,10.7
2020-11-02,30.1,20.6,0.0,61.0,15.3
2020-11-03,29.1,19.9,0.0,51.0,16.5
2020-11-04,29.1,18.0,0.0,53.0,16.6
2020-11-05,28.6,15.1,0.0,63.0,10.9
2020-11-06,28.1,15.7,0.0,63.0,9.2
2020-11-07,28.7,15.5,0.0,65.0,11.3
2020-11-08,28.6,16.3,0.0,65.0,7.9
2020-11-09,28.7,16.7,0.0,72.0,9.8
2020-11-10,28.4,18.1,0.0,71.0,10.2
2020-11-11,29.6,17.9,0.0,66.0,8.4
2020-11-12,30.4,18.8,0.0,62.0,10.6
2020-11-13,29.8,18.7,0.0,62.0,10.5
2020-11-14,29.5,19.6,0.0,65.0,8.9
2020-11-15,29.2,18.0,0.0,67.0,10.2
2020-11-16,28.8,17.3,0.0,70.0,21.2
2020-11-17,27.8,17.7,0.0,71.0,14.6
2020-11-18,27.8,18.0,0.0,71.0,13.7
2020-11-19,27.1,19.1,0.0,75.0,7.9
2020-11-20,27.4,18.8,0.1,79.0,10.2
2020-11-21,25.3,17.3,0.0,58.0,17.4
2020-11-22,23.9,13.7,0.0,56.0,15.5
2020-11-23,24.6,11.6,0.0,64.0,10.5
2020-11-24,24.9,12.0,0.0,66.0,10.3
2020-11-25,25.2,13.4,0.0,68.0,10.7
2020-11-26,25.7,12.6,0.0,72.0,9.1
2020-11-27,23.5,16.2,0.0,77.0,11.7
2020-11-28,26.1,14.2,0.0,75.0,12.4
2020-11-29,26.0,13.3,0.0,70.0,11.5
2020-11-30,25.8,13.6,0.0,68.0,10.4
2020-12-01,26.1,13.5,0.0,69.0,9.8
2020-12-02,25.9,13.8,0.0,70.0,10.5
2020-12-03,25.4,13.1,0.0,72.0,10.9
2020-12-04,25.6,13.7,0.0,73.0,8.0
2020-12-05,26.0,13.7,0.0,72.0,9.4
2020-12-06,26.4,13.9,0.0,75.0,8.6
2020-12-07,26.4,14.3,0.0,79.0,10.0
2020-12-08,25.4,15.7,0.0,82.0,9.3
2020-12-09,25.8,15.3,0.0,81.0,10.8
2020-12-10,25.2,15.0,0.0,79.0,12.1
2020-12-11,24.2,14.1,0.0,80.0,8.5
2020-12-12,24.6,16.9,0.0,80.0,14.2
2020-12-13,25.3,17.8,0.0,78.0,15.2
2020-12-14,24.8,15.3,0.0,66.0,12.7
2020-12-15,24.4,14.6,0.0,66.0,12.3
2020-12-16,23.1,15.2,0.0,76.0,14.1
2020-12-17,22.3,13.4,0.0,65.0,20.3
2020-12-18,18.1,9.9,0.0,63.0,15.5
2020-12-19,18.2,8.6,0.0,74.0,10.6
2020-12-20,19.3,8.6,0.0,77.0,10.3
2020-12-21,19.9,8.4,0.0,80.0,11.2
2020-12-22,20.9,9.1,0.0,80.0,11.4
2020-12-23,21.2,9.8,0.0,80.0,8.7
2020-12-24,21.8,9.7,0.0,81.0,11.7
2020-12-25,21.7,11.2,0.0,77.0,13.4
2020-12-26,20.3,9.9,0.0,74.0,11.2
2020-12-27,20.9,9.9,0.0,74.0,11.5
2020-12-28,21.3,8.7,0.0,69.0,8.9
2020-12-29,22.5,10.9,0.0,74.0,11.5
2020-12-30,21.9,10.7,0.0,79.0,10.0
2020-12-31,21.7,11.6,0.0,75.0,11.7
2021-01-01,20.7,8.3,0.0,71.0,12.6
2021-01-02,21.1,8.9,0.0,70.0,11.2
2021-01-03,21.3,10.7,0.0,70.0,10.7
2021-01-04,23.4,12.1,0.0,69.0,8.3
2021-01-05,23.7,13.7,0.0,72.0,8.8
2021-01-06,24.2,17.0,0.0,76.0,11.3
2021-01-07,26.3,14.1,0.0,75.0,12.8
2021-01-08,25.3,14.4,0.0,80.0,10.0
2021-01-09,23.9,15.1,0.0,73.0,14.6
2021-01-10,26.0,16.9,0.0,73.0,16.5
2021-01-11,23.6,12.7,0.0,73.0,14.8
2021-01-12,18.9,10.9,0.0,75.0,14.3
2021-01-13,18.8,9.5,0.0,71.0,13.4
2021-01-14,19.1,8.0,0.0,75.0,10.9
2021-01-15,19.3,8.4,0.0,80.0,9.7
2021-01-16,19.3,10.1,0.0,78.0,9.4
2021-01-17,20.6,10.6,0.0,77.0,7.6
2021-01-18,20.8,9.9,0.0,84.0,11.6
2021-01-19,21.8,10.3,0.0,83.0,9.4
2021-01-20,23.2,12.5,0.0,81.0,15.2
2021-01-21,21.7,12.1,0.0,76.0,13.3
2021-01-22,21.0,10.4,0.0,78.0,9.2
2021-01-23,21.6,9.7,0.0,76.0,7.2
2021-01-24,22.0,10.5,0.0,79.0,10.5
2021-01-25,22.4,10.8,0.0,78.0,10.0
2021-01-26,20.4,10.6,0.0,77.0,13.3
2021-01-27,18.7,8.7,0.0,76.0,11.8
2021-01-28,19.2,7.3,0.0,72.0,10.7
2021-01-29,20.0,8.7,0.0,78.0,10.8
2021-01-30,18.8,9.7,0.0,73.0,15.9
2021-01-31,20.0,7.6,0.0,74.0,12.1
2021-02-01,21.1,8.6,0.0,71.0,12.9
2021-02-02,21.7,9.3,0.0,75.0,12.9
2021-02-03,23.3,9.0,0.0,73.0,12.2
2021-02-04,24.3,8.8,0.0,72.0,11.0
2021-02-05,25.3,11.4,0.0,68.0,11.9
2021-02-06,21.3,13.8,3.3,77.0,15.6
2021-02-07,23.0,12.0,0.0,72.0,14.0
2021-02-08,23.3,11.4,0.0,73.0,13.6
2021-02-09,23.6,10.8,0.0,74.0,9.7
2021-02-10,24.1,11.4,0.0,73.0,9.0
2021-02-11,25.0,11.9,0.0,75.0,12.7
2021-02-12,25.2,12.7,0.0,74.0,10.3
2021-02-13,25.4,14.3,0.0,73.0,10.8
2021-02-14,25.7,12.7,0.0,71.0,12.1
2021-02-15,25.5,12.7,0.0,72.0,12.4
2021-02-16,26.2,12.9,0.0,70.0,10.5
2021-02-17,26.0,15.0,0.0,73.0,9.4
2021-02-18,25.3,15.8,0.3,81.0,13.4
2021-02-19,26.6,14.8,0.0,66.0,10.8
2021-02-20,27.1,13.5,0.0,64.0,12.1
2021-02-21,27.5,14.1,0.0,64.0,15.1
2021-02-22,27.2,14.3,0.0,67.0,12.7
2021-02-23,28.1,15.1,0.0,68.0,11.3
2021-02-24,29.2,16.3,0.0,64.0,16.4
2021-02-25,30.5,16.2,0.0,54.0,22.0
2021-02-26,30.5,18.2,0.0,52.0,17.7
2021-02-27,31.4,18.4,0.0,50.0,19.6
2021-02-28,31.6,19.7,0.0,51.0,15.7
2021-03-01,31.1,18.7,0.0,51.0,22.8
2021-03-02,28.4,17.5,0.0,45.0,20.0
2021-03-03,28.5,15.9,0.0,51.0,13.2
2021-03-04,29.8,16.2,0.0,53.0,16.4
2021-03-05,31.8,16.4,0.0,50.0,16.0
2021-03-06,30.4,17.4,0.0,47.0,21.0
2021-03-07,30.2,15.4,0.0,54.0,15.0
2021-03-08,31.0,19.2,0.0,65.0,16.6
2021-03-09,31.8,19.1,0.0,61.0,12.1
2021-03-10,31.8,19.4,0.1,67.0,13.2
2021-03-11,32.4,20.2,0.2,62.0,10.4
2021-03-12,33.5,20.2,0.0,64.0,13.3
2021-03-13,27.7,19.8,0.0,67.0,17.9
2021-03-14,31.1,17.6,0.0,63.0,18.1
2021-03-15,32.0,19.0,0.0,51.0,18.8
2021-03-16,33.4,18.4,0.0,51.0,18.0
2021-03-17,33.3,18.1,0.0,49.0,18.0
2021-03-18,34.1,19.2,0.0,47.0,17.1
2021-03-19,35.1,19.6,0.0,45.0,19.2
2021-03-20,32.8,22.1,0.0,45.0,27.7
2021-03-21,34.8,20.7,0.0,43.0,18.6
2021-03-22,35.9,19.8,0.0,42.0,14.9
2021-03-23,36.0,21.5,0.0,43.0,12.4
2021-03-24,34.4,24.1,0.0,41.0,26.9
2021-03-25,34.4,21.4,0.0,35.0,29.3
2021-03-26,32.5,20.3,0.0,35.0,21.0
2021-03-27,33.4,18.2,0.0,39.0,14.7
2021-03-28,34.7,19.7,0.0,44.0,11.4
2021-03-29,35.9,21.1,0.0,41.0,13.2
2021-03-30,37.9,21.7,0.0,47.0,19.2
2021-03-31,35.2,22.0,0.0,53.0,22.8
2021-04-01,34.5,20.9,0.0,24.0,21.3
2021-04-02,36.1,19.3,0.0,25.0,19.1
2021-04-03,36.1,20.0,0.0,29.0,12.0
2021-04-04,36.7,19.0,0.0,27.0,25.1
2021-04-05,36.0,18.9,0.0,33.0,11.9
2021-04-06,37.0,22.7,0.0,44.0,13.4
2021-04-07,37.4,24.2,0.0,48.0,17.0
2021-04-08,37.8,23.3,0.0,46.0,21.6
2021-04-09,37.4,24.4,0.0,52.0,14.8
2021-04-10,37.5,23.5,0.0,40.0,21.4
2021-04-11,38.3,21.9,0.0,25.0,20.5
2021-04-12,38.4,21.2,0.0,24.0,18.2
2021-04-13,39.9,21.5,0.0,22.0,24.6
2021-04-14,40.2,24.1,0.0,24.0,18.2
2021-04-15,38.2,25.0,0.1,46.0,19.2
2021-04-16,38.3,24.0,0.0,49.0,21.3
2021-04-17,36.3,24.2,0.0,52.0,24.3
2021-04-18,36.4,23.9,0.0,45.0,22.7
2021-04-19,38.6,24.9,0.0,22.0,29.7
2021-04-20,40.1,23.3,0.0,21.0,20.3
2021-04-21,36.5,24.8,0.4,55.0,18.1
2021-04-22,34.5,23.5,2.9,60.0,26.1
2021-04-23,37.9,22.0,0.0,41.0,20.2
2021-04-24,39.4,21.9,0.0,36.0,14.1
2021-04-25,39.0,24.5,0.0,43.0,14.3
2021-04-26,37.8,23.9,0.0,29.0,14.2
2021-04-27,40.0,22.9,0.0,25.0,13.0
2021-04-28,41.1,22.7,0.0,27.0,20.5
2021-04-29,38.3,26.1,0.0,54.0,30.8
2021-04-30,37.1,25.5,0.1,52.0,18.6
2021-05-01,37.1,25.2,0.0,48.0,21.6
2021-05-02,36.2,25.6,0.1,55.0,22.0
2021-05-03,34.0,25.4,1.8,59.0,13.8
2021-05-04,32.7,24.3,0.8,67.0,22.2
2021-05-05,32.5,24.0,0.2,66.0,20.2
2021-05-06,34.7,24.4,0.3,64.0,23.4
2021-05-07,34.7,23.7,1.4,63.0,20.9
2021-05-08,34.8,25.1,0.2,59.0,15.9
2021-05-09,35.7,26.2,0.4,65.0,21.0
2021-05-10,35.7,24.3,0.0,60.0,14.5
2021-05-11,33.9,25.8,0.4,63.0,16.6
2021-05-12,32.5,24.1,1.4,71.0,21.8
2021-05-13,31.2,23.4,1.4,74.0,14.9
2021-05-14,34.6,24.5,0.0,65.0,16.0
2021-05-15,37.7,25.2,0.0,55.0,13.1
2021-05-16,38.6,27.3,0.0,50.0,11.2
2021-05-17,39.7,28.4,0.0,52.0,15.4
2021-05-18,35.7,26.7,0.3,59.0,18.3
2021-05-19,34.0,26.4,0.0,60.0,21.0
2021-05-20,30.6,24.1,14.4,83.0,14.2
2021-05-21,31.8,24.5,44.0,85.0,18.1
2021-05-22,33.1,25.3,0.5,78.0,10.2
2021-05-23,35.1,26.4,0.2,69.0,13.9
2021-05-24,35.8,25.8,0.0,63.0,15.9
2021-05-25,30.4,26.2,0.7,75.0,18.0
2021-05-26,30.0,24.8,16.6,81.0,23.4
2021-05-27,26.0,24.4,57.5,89.0,40.4
2021-05-28,30.5,24.8,49.0,88.0,35.5
2021-05-29,31.4,25.6,11.5,88.0,23.8
2021-05-30,30.7,25.4,6.3,86.0,12.5
2021-05-31,33.3,26.0,0.2,80.0,10.0
2021-06-01,34.1,25.8,1.1,83.0,15.9
2021-06-02,33.4,25.3,0.0,78.0,8.6
2021-06-03,34.7,26.6,0.0,72.0,8.5
2021-06-04,35.4,27.8,0.0,73.0,10.7
2021-06-05,35.7,27.2,0.0,68.0,16.6
2021-06-06,35.3,28.4,0.0,64.0,19.1
2021-06-07,36.3,28.8,0.0,59.0,21.0
2021-06-08,37.6,28.7,0.4,61.0,17.0
2021-06-09,32.2,26.0,7.5,81.0,14.9
2021-06-10,32.7,26.5,6.4,80.0,15.6
2021-06-11,33.5,26.8,1.3,80.0,15.1
2021-06-12,29.1,25.9,26.0,88.0,24.3
2021-06-13,30.3,25.8,6.3,87.0,21.4
2021-06-14,29.9,26.0,12.5,88.0,19.0
2021-06-15,31.1,25.2,51.7,91.0,18.8
2021-06-16,29.9,25.5,13.9,90.0,13.2
2021-06-17,29.3,25.8,5.5,83.0,33.9
2021-06-18,30.1,25.0,10.6,85.0,31.0
2021-06-19,26.6,24.6,63.4,94.0,34.8
2021-06-20,29.8,24.5,36.5,90.0,17.7
2021-06-21,31.0,25.0,38.3,90.0,19.6
2021-06-22,31.1,24.8,16.4,85.0,13.3
2021-06-23,31.4,26.0,9.5,87.0,17.3
2021-06-24,31.8,26.5,6.1,84.0,15.1
2021-06-25,31.4,25.8,31.8,88.0,14.2
2021-06-26,31.0,25.5,27.1,89.0,16.1
2021-06-27,32.8,25.8,7.0,83.0,16.0
2021-06-28,32.7,27.1,11.1,82.0,12.8
2021-06-29,33.0,26.7,15.0,85.0,16.0
2021-06-30,36.0,27.5,0.4,79.0,17.1
2021-07-01,34.9,28.4,0.5,78.0,18.1
2021-07-02,33.1,26.7,15.6,85.0,11.2
2021-07-03,32.9,26.3,11.3,84.0,14.0
2021-07-04,31.8,26.0,8.8,87.0,8.0
2021-07-05,32.6,26.1,4.9,87.0,13.0
2021-07-06,32.6,26.5,5.7,87.0,8.7
2021-07-07,32.3,27.4,15.7,88.0,12.1
2021-07-08,30.0,26.4,56.1,91.0,16.2
2021-07-09,32.5,26.3,5.8,86.0,13.9
2021-07-10,32.8,27.0,1.9,81.0,19.0
2021-07-11,31.5,27.7,4.3,83.0,21.6
2021-07-12,33.5,27.2,2.0,78.0,19.0
2021-07-13,33.7,27.3,0.3,78.0,16.7
2021-07-14,32.8,26.8,2.0,78.0,18.3
2021-07-15,32.2,27.5,1.2,77.0,15.3
2021-07-16,33.5,28.2,1.6,79.0,11.7
2021-07-17,32.9,28.1,9.0,85.0,11.9
2021-07-18,32.8,27.4,23.6,86.0,9.3
2021-07-19,32.9,27.2,8.0,87.0,13.2
2021-07-20,29.7,27.2,10.7,90.0,6.6
2021-07-21,31.2,26.1,14.9,89.0,11.9
2021-07-22,33.7,26.9,2.1,80.0,19.7
2021-07-23,33.5,27.6,7.2,79.0,22.1
2021-07-24,31.9,27.2,2.2,81.0,33.2
2021-07-25,33.5,26.6,1.8,83.0,19.6
2021-07-26,32.9,27.9,11.4,85.0,10.8
2021-07-27,31.3,26.8,6.9,87.0,8.4
2021-07-28,32.2,26.7,10.5,85.0,10.8
2021-07-29,29.8,26.3,25.1,90.0,18.2
2021-07-30,31.0,26.2,7.6,86.0,31.5
2021-07-31,28.5,25.7,20.0,90.0,36.5
2021-08-01,32.1,25.8,5.0,82.0,21.4
2021-08-02,31.9,26.8,1.1,82.0,10.4
2021-08-03,32.0,26.7,3.8,83.0,12.4
2021-08-04,30.0,26.8,13.3,89.0,8.7
2021-08-05,32.4,26.3,4.3,85.0,7.4
2021-08-06,33.7,26.5,2.7,84.0,10.6
2021-08-07,31.3,26.7,16.0,87.0,10.3
2021-08-08,30.0,26.3,16.9,90.0,7.8
2021-08-09,31.0,25.9,16.9,90.0,10.5
2021-08-10,31.6,25.7,9.2,89.0,11.8
2021-08-11,31.8,26.2,5.4,88.0,20.4
2021-08-12,30.1,26.1,18.7,92.0,12.6
2021-08-13,32.9,26.2,1.0,82.0,17.8
2021-08-14,33.6,26.7,1.7,82.0,17.5
2021-08-15,33.8,26.9,0.5,83.0,9.5
2021-08-16,32.3,27.9,16.5,85.0,9.8
2021-08-17,31.8,27.2,10.1,86.0,13.9
2021-08-18,31.4,27.1,4.3,85.0,15.5
2021-08-19,32.1,26.4,7.5,85.0,18.0
2021-08-20,30.8,26.6,9.3,86.0,21.1
2021-08-21,31.9,26.7,6.3,83.0,15.6
2021-08-22,32.7,26.7,8.0,85.0,11.7
2021-08-23,31.6,26.1,13.6,88.0,15.7
2021-08-24,30.8,26.7,10.9,88.0,12.5
2021-08-25,30.1,25.9,13.7,90.0,19.6
2021-08-26,28.6,25.6,41.6,92.0,17.2
2021-08-27,31.0,25.6,12.0,87.0,9.5
2021-08-28,30.8,26.0,4.5,87.0,16.8
2021-08-29,30.5,26.1,1.9,87.0,22.1
2021-08-30,30.8,25.3,6.8,87.0,19.1
2021-08-31,30.8,26.0,0.5,84.0,17.5
2021-09-01,32.6,26.4,1.0,84.0,7.8
2021-09-02,31.4,26.9,11.0,89.0,9.3
2021-09-03,31.1,26.3,2.8,88.0,10.5
2021-09-04,32.7,25.9,3.8,84.0,7.0
2021-09-05,32.7,26.7,2.8,86.0,8.0
2021-09-06,32.1,26.4,8.7,84.0,20.5
2021-09-07,29.9,26.5,1.7,83.0,31.8
2021-09-08,31.0,26.0,7.5,85.0,20.8
2021-09-09,31.4,26.4,2.5,83.0,16.8
2021-09-10,32.7,26.2,4.9,82.0,14.8
2021-09-11,31.7,27.3,3.6,82.0,17.2
2021-09-12,33.4,26.8,9.5,81.0,10.1
2021-09-13,32.7,27.7,0.6,78.0,25.2
2021-09-14,28.6,26.0,11.5,86.0,36.4
2021-09-15,26.9,25.3,66.8,94.0,34.2
2021-09-16,30.4,26.0,11.6,89.0,20.8
2021-09-17,30.6,26.5,9.6,88.0,17.8
2021-09-18,30.9,26.2,5.4,88.0,14.0
2021-09-19,30.6,25.9,2.4,88.0,8.3
2021-09-20,32.2,26.4,5.9,86.0,12.6
2021-09-21,32.1,26.0,0.5,81.0,17.3
2021-09-22,31.0,25.4,1.0,81.0,21.0
2021-09-23,30.1,25.8,5.0,85.0,22.1
2021-09-24,31.9,25.9,0.6,83.0,14.2
2021-09-25,32.8,26.9,0.4,82.0,15.5
2021-09-26,33.0,27.4,3.1,85.0,15.0
2021-09-27,32.5,26.9,3.7,86.0,13.6
2021-09-28,30.3,26.4,4.8,86.0,17.0
2021-09-29,31.6,25.7,0.9,82.0,20.6
2021-09-30,28.7,25.2,44.5,87.0,30.1
2021-10-01,28.6,25.0,25.2,90.0,26.3
2021-10-02,27.6,24.1,23.0,90.0,30.3
2021-10-03,28.6,23.9,22.0,91.0,32.6
2021-10-04,31.2,24.2,3.3,84.0,8.3
2021-10-05,30.5,25.4,1.5,85.0,11.4
2021-10-06,30.5,25.6,2.0,86.0,6.9
2021-10-07,31.0,25.3,0.3,88.0,7.0
2021-10-08,31.0,25.6,0.3,88.0,8.4
2021-10-09,31.7,24.7,0.1,80.0,8.1
2021-10-10,31.4,24.5,0.3,82.0,6.6
2021-10-11,32.1,24.7,0.0,80.0,8.6
2021-10-12,32.4,24.1,0.0,81.0,7.3
2021-10-13,32.6,24.7,0.0,77.0,10.0
2021-10-14,33.0,24.4,0.0,77.0,7.3
2021-10-15,32.6,25.9,0.4,82.0,7.2
2021-10-16,33.5,26.4,0.6,80.0,12.1
2021-10-17,31.9,26.4,3.2,80.0,16.6
2021-10-18,28.6,25.1,14.4,86.0,28.1
2021-10-19,30.4,24.3,41.9,90.0,18.8
2021-10-20,28.6,24.4,3.4,83.0,16.8
2021-10-21,29.8,21.9,0.0,74.0,19.1
2021-10-22,29.8,22.0,0.0,76.0,10.7
2021-10-23,29.6,20.4,0.0,79.0,9.2
2021-10-24,29.8,21.5,0.0,77.0,7.5
2021-10-25,29.3,21.9,0.0,84.0,7.5
2021-10-26,29.3,21.9,0.0,80.0,10.8
2021-10-27,29.4,20.8,0.0,76.0,9.2
2021-10-28,29.1,19.4,0.0,71.0,11.0
2021-10-29,29.2,18.1,0.0,69.0,9.4
2021-10-30,28.6,18.1,0.0,63.0,13.8
2021-10-31,28.7,19.4,0.0,68.0,10.5
2021-11-01,28.6,17.4,0.0,68.0,10.7
2021-11-02,28.6,16.4,0.0,65.0,10.4
2021-11-03,28.3,18.2,0.0,67.0,10.4
2021-11-04,28.1,17.1,0.0,71.0,10.8
2021-11-05,28.4,17.4,0.0,69.0,11.6
2021-11-06,28.5,17.0,0.0,70.0,13.6
2021-11-07,27.8,16.5,0.0,71.0,10.5
2021-11-08,28.1,16.5,0.0,75.0,9.6
2021-11-09,28.4,17.2,0.0,74.0,10.5
2021-11-10,28.3,17.2,0.0,71.0,9.3
2021-11-11,27.9,18.0,0.0,69.0,8.5
2021-11-12,27.7,19.3,0.0,69.0,9.5
2021-11-13,27.8,19.0,0.0,67.0,9.4
2021-11-14,28.0,17.8,0.0,71.0,10.8
2021-11-15,27.8,16.7,0.0,67.0,10.0
2021-11-16,27.2,18.5,0.0,64.0,7.4
2021-11-17,26.9,16.2,0.0,63.0,8.9
2021-11-18,27.1,18.1,0.0,63.0,10.1
2021-11-19,27.1,15.2,0.0,66.0,9.1
2021-11-20,27.7,17.4,0.0,70.0,12.6
2021-11-21,28.7,18.4,0.0,66.0,14.2
2021-11-22,28.3,18.0,0.0,61.0,15.6
2021-11-23,26.6,15.7,0.0,60.0,11.9
2021-11-24,26.2,13.7,0.0,59.0,11.2
2021-11-25,26.0,13.5,0.0,62.0,10.1
2021-11-26,25.9,12.8,0.0,64.0,10.0
2021-11-27,26.0,14.5,0.0,66.0,11.0
2021-11-28,26.3,14.7,0.0,71.0,10.7
2021-11-29,26.3,14.2,0.0,72.0,9.9
2021-11-30,25.8,14.2,0.0,75.0,11.2
2021-12-01,26.3,13.7,0.0,73.0,10.9
2021-12-02,26.2,14.9,0.0,73.0,10.2
2021-12-03,26.0,14.4,0.0,73.0,8.9
2021-12-04,26.2,15.7,0.0,76.0,8.6
2021-12-05,26.9,17.0,0.0,79.0,9.9
2021-12-06,27.4,17.3,0.0,78.0,8.7
2021-12-07,27.4,16.9,0.0,73.0,12.4
2021-12-08,27.0,16.2,0.0,69.0,10.3
2021-12-09,26.6,15.7,0.0,65.0,9.0
2021-12-10,26.2,15.7,0.0,67.0,12.0
2021-12-11,23.7,12.6,0.0,68.0,12.3
2021-12-12,23.7,11.4,0.0,66.0,11.5
2021-12-13,23.2,11.0,0.0,69.0,11.4
2021-12-14,23.2,12.2,0.0,72.0,12.3
2021-12-15,22.9,11.1,0.0,70.0,10.8
2021-12-16,24.5,12.0,0.0,71.0,16.0
2021-12-17,24.9,12.3,0.0,68.0,17.0
2021-12-18,22.8,13.4,0.0,59.0,18.1
2021-12-19,19.1,9.8,0.0,61.0,15.9
2021-12-20,20.2,8.2,0.0,70.0,15.7
2021-12-21,21.5,10.3,0.0,72.0,12.9
2021-12-22,22.0,9.9,0.0,71.0,10.8
2021-12-23,22.6,10.1,0.0,69.0,9.8
2021-12-24,22.9,11.3,0.0,70.0,11.5
2021-12-25,24.0,12.9,0.0,74.0,10.9
2021-12-26,23.2,13.7,0.0,79.0,11.0
2021-12-27,23.4,12.4,0.0,76.0,10.7
2021-12-28,23.5,13.0,15.3,83.0,15.6
2021-12-29,18.0,15.0,20.2,93.0,20.8
2021-12-30,21.4,14.0,1.8,87.0,10.7
2021-12-31,20.0,12.2,0.0,83.0,11.7
2022-01-01,20.9,12.0,0.0,82.0,10.6
2022-01-02,21.0,10.7,0.0,84.0,13.6
2022-01-03,20.6,11.0,0.0,82.0,13.8
2022-01-04,20.7,9.2,0.0,80.0,10.4
2022-01-05,20.2,10.1,0.0,88.0,9.4
2022-01-06,19.7,12.9,0.1,90.0,10.2
2022-01-07,21.2,13.9,0.0,87.0,9.6
2022-01-08,22.3,12.1,0.0,90.0,9.4
2022-01-09,22.6,13.0,0.2,87.0,9.0
2022-01-10,22.7,14.5,0.0,89.0,9.0
2022-01-11,21.1,14.8,3.5,88.0,8.7
2022-01-12,18.8,13.8,5.1,91.0,14.2
2022-01-13,21.1,12.2,0.0,85.0,11.1
2022-01-14,20.5,11.2,0.0,82.0,9.4
2022-01-15,20.6,11.0,0.0,80.0,10.2
2022-01-16,19.3,10.8,0.0,80.0,14.4
2022-01-17,18.6,9.3,0.0,82.0,12.1
2022-01-18,18.6,8.7,0.0,84.0,12.3
2022-01-19,18.8,9.5,0.0,85.0,14.2
2022-01-20,18.0,7.7,0.0,85.0,10.6
2022-01-21,20.3,10.2,0.0,83.0,7.7
2022-01-22,21.2,10.7,1.5,85.0,9.4
2022-01-23,18.8,14.8,9.8,87.0,23.1
2022-01-24,19.9,14.0,1.2,90.0,16.4
2022-01-25,19.4,13.0,0.2,87.0,11.3
2022-01-26,19.3,11.6,0.0,69.0,16.6
2022-01-27,17.7,9.2,0.0,68.0,18.4
2022-01-28,19.1,9.6,0.0,76.0,18.1
2022-01-29,19.2,8.2,0.0,77.0,14.2
2022-01-30,19.8,9.6,0.0,80.0,13.3
2022-01-31,21.5,10.1,0.0,81.0,11.0
2022-02-01,21.7,9.6,0.0,82.0,18.5
2022-02-02,22.0,10.3,0.2,84.0,9.5
2022-02-03,22.2,12.4,6.1,79.0,32.2
2022-02-04,17.5,12.4,28.2,89.0,24.8
2022-02-05,17.8,11.2,1.9,84.0,22.0
2022-02-06,19.5,8.9,0.0,79.0,11.2
2022-02-07,20.7,8.8,0.0,80.0,11.9
2022-02-08,22.1,9.0,0.0,77.0,10.8
2022-02-09,23.0,11.5,0.0,83.0,16.3
2022-02-10,22.8,12.9,0.2,81.0,14.8
2022-02-11,21.4,12.8,0.0,71.0,20.0
2022-02-12,20.9,11.2,0.0,70.0,14.1
2022-02-13,21.7,9.3,0.0,75.0,11.8
2022-02-14,22.2,10.4,0.0,73.0,10.5
2022-02-15,22.9,10.3,0.0,74.0,12.2
2022-02-16,23.6,12.3,0.0,74.0,15.7
2022-02-17,24.6,12.6,0.0,67.0,16.7
2022-02-18,24.9,11.3,0.0,59.0,16.9
2022-02-19,26.5,11.4,0.0,54.0,24.2
2022-02-20,24.8,13.5,0.0,56.0,21.7
2022-02-21,25.0,13.0,0.0,56.0,16.0
2022-02-22,24.4,11.0,0.0,69.0,10.5
2022-02-23,25.6,14.0,0.0,71.0,14.0
2022-02-24,27.0,16.7,0.3,71.0,15.8
2022-02-25,24.4,16.2,2.3,79.0,16.3
2022-02-26,26.8,15.6,0.0,73.0,10.9
2022-02-27,26.9,15.3,0.5,75.0,17.8
2022-02-28,27.1,15.8,0.0,68.0,17.9
2022-03-01,26.7,14.7,0.0,68.0,11.6
2022-03-02,27.0,13.2,0.0,70.0,16.3
2022-03-03,28.7,14.7,0.0,64.0,12.5
2022-03-04,30.4,15.7,0.0,56.0,19.5
2022-03-05,29.1,15.5,0.0,59.0,20.7
2022-03-06,28.3,15.1,0.0,62.0,8.7
2022-03-07,29.4,16.1,0.0,65.0,11.7
2022-03-08,30.2,15.8,0.0,60.0,12.7
2022-03-09,30.0,16.7,0.0,56.0,11.5
2022-03-10,30.8,15.9,0.0,57.0,12.4
2022-03-11,31.0,17.1,0.0,59.0,17.6
2022-03-12,30.8,17.5,0.0,58.0,17.1
2022-03-13,31.5,17.7,0.0,59.0,13.9
2022-03-14,32.2,16.8,0.0,61.0,11.3
2022-03-15,33.3,18.9,0.0,59.0,11.4
2022-03-16,34.1,19.4,0.0,59.0,9.4
2022-03-17,33.9,22.3,0.0,63.0,11.4
2022-03-18,35.1,22.4,0.0,68.0,11.4
2022-03-19,36.1,22.9,0.0,57.0,10.7
2022-03-20,36.1,23.5,0.0,61.0,11.0
2022-03-21,35.3,23.4,0.0,58.0,13.6
2022-03-22,35.1,21.7,0.0,49.0,12.4
2022-03-23,35.1,21.7,0.0,52.0,19.0
2022-03-24,35.0,19.9,0.0,39.0,17.7
2022-03-25,36.5,21.3,0.0,37.0,19.1
2022-03-26,35.8,22.4,0.0,26.0,24.4
2022-03-27,35.0,20.7,0.0,37.0,13.5
2022-03-28,35.6,19.2,0.0,49.0,14.6
2022-03-29,33.8,22.3,0.0,68.0,15.1
2022-03-30,33.8,22.8,0.0,71.0,17.3
2022-03-31,34.3,23.0,0.0,72.0,16.9
2022-04-01,36.0,23.4,0.0,71.0,15.0
2022-04-02,33.6,24.9,0.1,74.0,19.8
2022-04-03,34.1,23.5,0.1,73.0,16.4
2022-04-04,38.5,23.0,0.0,50.0,18.2
2022-04-05,39.1,21.5,0.0,49.0,17.1
2022-04-06,38.5,22.8,0.0,54.0,16.3
2022-04-07,34.8,24.1,0.0,71.0,16.6
2022-04-08,36.5,23.6,0.0,69.0,16.0
2022-04-09,35.1,23.7,0.0,69.0,23.7
2022-04-10,33.8,23.8,0.0,67.0,20.9
2022-04-11,34.8,22.9,0.0,68.0,19.9
2022-04-12,36.1,24.5,0.0,68.0,18.8
2022-04-13,37.5,25.6,0.0,65.0,20.3
2022-04-14,40.5,26.0,0.0,51.0,26.1
2022-04-15,40.2,24.3,0.0,29.0,23.4
2022-04-16,40.1,22.8,0.0,31.0,24.9
2022-04-17,41.5,23.1,0.0,28.0,26.8
2022-04-18,39.9,22.8,0.0,43.0,19.6
2022-04-19,36.6,25.9,0.1,65.0,21.3
2022-04-20,34.9,23.4,0.0,64.0,25.5
2022-04-21,35.0,24.1,0.1,66.0,22.3
2022-04-22,36.8,26.1,0.0,60.0,18.9
2022-04-23,39.5,24.0,0.0,44.0,26.1
2022-04-24,39.8,24.2,0.0,25.0,29.0
2022-04-25,39.9,23.4,0.0,27.0,20.9
2022-04-26,40.3,23.1,0.0,36.0,19.3
2022-04-27,39.9,23.6,0.0,46.0,21.3
2022-04-28,37.8,25.2,0.0,64.0,17.6
2022-04-29,38.1,25.9,6.0,72.0,21.1
2022-04-30,34.1,24.7,0.0,68.0,29.3
2022-05-01,34.1,23.8,0.9,65.0,26.6
2022-05-02,34.9,24.2,0.0,63.0,26.0
2022-05-03,34.1,24.3,0.0,65.0,27.5
2022-05-04,33.1,23.7,0.0,66.0,24.2
2022-05-05,32.4,24.9,0.0,66.0,20.8
2022-05-06,34.8,25.5,0.4,63.0,15.7
2022-05-07,34.4,25.6,1.9,67.0,17.0
2022-05-08,35.0,25.1,0.0,62.0,19.2
2022-05-09,35.7,24.2,0.1,61.0,23.8
2022-05-10,35.0,26.5,0.0,61.0,19.9
2022-05-11,36.5,26.9,10.0,63.0,18.7
2022-05-12,35.3,25.9,3.4,71.0,13.2
2022-05-13,36.8,26.4,0.0,66.0,20.5
2022-05-14,37.2,26.6,0.0,69.0,18.2
2022-05-15,38.5,26.4,0.0,68.0,20.7
2022-05-16,37.3,27.3,0.0,65.0,20.5
2022-05-17,38.1,26.5,0.0,65.0,18.7
2022-05-18,39.1,27.3,0.0,65.0,29.4
2022-05-19,38.2,27.6,0.3,64.0,26.2
2022-05-20,36.2,26.0,0.0,67.0,21.8
2022-05-21,35.1,24.7,0.3,68.0,21.7
2022-05-22,34.4,24.7,0.0,68.0,20.5
2022-05-23,34.0,23.3,7.4,69.0,24.1
2022-05-24,34.4,24.0,1.0,71.0,20.9
2022-05-25,33.2,24.5,1.2,76.0,10.5
2022-05-26,34.8,25.1,0.4,63.0,20.7
2022-05-27,37.0,25.1,0.0,57.0,13.1
2022-05-28,36.8,26.9,2.4,61.0,13.9
2022-05-29,33.8,26.0,1.9,73.0,14.4
2022-05-30,33.8,26.3,0.3,71.0,15.8
2022-05-31,36.5,26.5,0.0,67.0,18.8
2022-06-01,37.4,27.9,0.8,66.0,15.2
2022-06-02,37.2,28.0,0.0,65.0,14.8
2022-06-03,39.0,27.5,0.1,62.0,16.2
2022-06-04,39.0,28.6,0.0,63.0,20.1
2022-06-05,38.2,27.4,0.0,66.0,19.6
2022-06-06,37.8,27.1,0.0,68.0,21.0
2022-06-07,37.0,27.3,0.0,69.0,20.8
2022-06-08,38.6,28.1,0.0,65.0,20.5
2022-06-09,37.1,27.9,0.1,69.0,21.3
2022-06-10,38.4,27.7,0.0,67.0,17.7
2022-06-11,37.6,26.9,0.0,66.0,17.8
2022-06-12,37.6,28.0,0.0,67.0,18.4
2022-06-13,38.5,27.8,0.1,70.0,21.5
2022-06-14,38.6,27.5,0.0,67.0,17.4
2022-06-15,40.2,27.2,0.5,59.0,22.4
2022-06-16,36.1,26.7,5.6,64.0,25.0
2022-06-17,36.5,27.6,1.5,64.0,29.3
2022-06-18,34.5,26.2,5.1,73.0,22.1
2022-06-19,35.1,26.7,2.7,74.0,18.7
2022-06-20,33.8,26.4,4.4,76.0,20.9
2022-06-21,32.6,26.0,0.5,78.0,9.7
2022-06-22,34.1,26.8,0.3,75.0,14.2
2022-06-23,34.2,27.4,14.7,76.0,16.0
2022-06-24,34.0,27.0,1.3,75.0,16.1
2022-06-25,34.2,27.4,1.0,71.0,19.8
2022-06-26,33.4,26.8,0.9,73.0,19.5
2022-06-27,34.3,28.2,5.8,76.0,13.9
2022-06-28,33.4,27.3,9.3,83.0,17.7
2022-06-29,28.3,26.6,26.0,92.0,15.3
2022-06-30,30.9,24.9,18.6,89.0,16.1
2022-07-01,33.1,25.6,28.0,84.0,11.5
2022-07-02,32.6,26.2,17.5,84.0,15.1
2022-07-03,33.9,26.2,0.5,79.0,17.2
2022-07-04,34.3,27.2,0.2,74.0,17.4
2022-07-05,35.0,28.2,0.1,72.0,15.5
2022-07-06,34.4,28.7,0.1,72.0,27.0
2022-07-07,34.8,27.6,0.4,71.0,20.5
2022-07-08,35.1,28.2,0.5,70.0,15.9
2022-07-09,34.5,28.1,0.6,69.0,21.0
2022-07-10,35.2,27.9,0.1,66.0,20.5
2022-07-11,35.3,28.5,0.1,67.0,23.4
2022-07-12,35.5,28.5,0.5,65.0,24.0
2022-07-13,35.9,28.9,0.5,65.0,24.5
2022-07-14,36.5,29.1,0.1,64.0,31.5
2022-07-15,36.4,28.6,0.8,65.0,27.2
2022-07-16,36.7,28.4,0.1,65.0,22.5
2022-07-17,37.1,29.0,0.0,63.0,25.9
2022-07-18,37.2,29.0,0.9,62.0,21.9
2022-07-19,36.8,28.7,9.0,67.0,12.4
2022-07-20,33.0,27.1,27.4,83.0,11.4
2022-07-21,32.2,26.4,35.2,88.0,15.9
2022-07-22,32.8,26.2,6.0,83.0,19.6
2022-07-23,34.4,26.1,6.4,77.0,22.7
2022-07-24,33.2,26.5,2.5,78.0,25.8
2022-07-25,32.0,25.5,3.2,83.0,21.1
2022-07-26,31.3,26.5,7.4,81.0,14.3
2022-07-27,32.1,25.8,24.1,85.0,10.9
2022-07-28,31.5,25.3,18.7,86.0,14.8
2022-07-29,31.2,25.7,8.8,86.0,15.0
2022-07-30,31.7,26.0,13.0,86.0,9.9
2022-07-31,30.5,25.6,21.0,88.0,15.6
2022-08-01,30.4,25.8,29.3,89.0,13.0
2022-08-02,31.4,25.5,27.3,89.0,14.1
2022-08-03,32.1,26.4,2.6,87.0,13.1
2022-08-04,32.5,25.8,23.0,84.0,16.8
2022-08-05,33.3,25.8,2.8,80.0,14.8
2022-08-06,33.5,27.0,11.3,83.0,16.3
2022-08-07,33.5,26.7,7.7,80.0,17.3
2022-08-08,33.3,27.8,2.3,78.0,24.0
2022-08-09,33.6,27.7,0.3,72.0,32.1
2022-08-10,32.1,27.3,1.4,73.0,36.0
2022-08-11,32.4,27.1,1.4,75.0,38.2
2022-08-12,32.8,25.6,1.4,76.0,18.1
2022-08-13,33.8,26.2,21.0,82.0,17.7
2022-08-14,33.0,26.7,1.2,78.0,34.2
2022-08-15,32.4,26.1,2.3,77.0,40.3
2022-08-16,33.9,26.4,1.0,74.0,18.8
2022-08-17,33.5,27.5,1.5,75.0,14.5
2022-08-18,34.6,27.8,0.1,70.0,17.7
2022-08-19,31.0,26.7,22.9,85.0,12.4
2022-08-20,31.1,26.7,2.7,80.0,35.4
2022-08-21,32.0,26.4,1.2,79.0,31.2
2022-08-22,33.8,26.5,0.6,77.0,16.9
2022-08-23,33.4,27.1,14.7,85.0,12.9
2022-08-24,32.3,26.2,5.6,84.0,15.5
2022-08-25,32.7,26.5,0.6,79.0,16.9
2022-08-26,32.6,26.4,0.8,82.0,11.6
2022-08-27,32.5,26.0,14.8,87.0,12.6
2022-08-28,30.7,25.1,17.3,88.0,10.0
2022-08-29,31.0,25.9,12.4,87.0,11.4
2022-08-30,31.5,25.9,4.7,87.0,8.2
2022-08-31,31.9,26.3,8.2,88.0,9.3
2022-09-01,31.8,26.3,12.0,89.0,10.5
2022-09-02,31.6,26.1,6.1,86.0,13.4
2022-09-03,31.7,26.3,3.7,88.0,16.3
2022-09-04,31.8,26.3,2.1,85.0,11.5
2022-09-05,31.9,26.2,5.2,86.0,11.2
2022-09-06,31.3,25.5,9.4,88.0,9.2
2022-09-07,31.0,26.2,3.2,87.0,13.4
2022-09-08,32.4,25.7,10.8,86.0,14.4
2022-09-09,32.1,26.6,6.9,87.0,11.3
2022-09-10,32.2,25.9,4.9,83.0,17.7
2022-09-11,31.5,26.4,4.0,83.0,23.6
2022-09-12,29.6,24.9,9.9,87.0,31.4
2022-09-13,29.8,24.2,31.1,88.0,23.5
2022-09-14,28.3,24.5,23.4,92.0,18.9
2022-09-15,29.9,24.6,48.6,91.0,14.2
2022-09-16,30.8,24.8,21.5,89.0,12.1
2022-09-17,30.7,25.5,15.3,88.0,9.4
2022-09-18,31.3,25.1,18.3,86.0,9.4
2022-09-19,30.2,25.3,9.1,89.0,13.4
2022-09-20,31.8,25.6,7.3,87.0,23.0
2022-09-21,31.2,26.1,2.0,83.0,24.6
2022-09-22,31.1,26.0,0.6,84.0,17.7
2022-09-23,31.7,26.2,8.9,85.0,13.7
2022-09-24,30.6,25.0,9.2,88.0,12.1
2022-09-25,30.8,24.7,3.7,86.0,6.0
2022-09-26,29.9,24.7,5.7,87.0,7.9
2022-09-27,30.4,24.7,0.5,87.0,6.5
2022-09-28,30.9,25.4,0.6,85.0,11.6
2022-09-29,31.2,25.1,5.8,89.0,8.7
2022-09-30,29.9,25.2,8.8,89.0,12.4
2022-10-01,31.6,25.3,1.7,88.0,17.7
2022-10-02,32.9,25.4,0.9,82.0,15.8
2022-10-03,32.9,24.4,14.6,86.0,20.6
2022-10-04,28.5,24.7,47.7,93.0,21.6
2022-10-05,30.5,24.6,7.1,87.0,21.5
2022-10-06,30.2,25.1,7.0,87.0,19.9
2022-10-07,31.5,24.9,0.3,82.0,12.1
2022-10-08,31.3,25.6,6.3,86.0,9.8
2022-10-09,32.1,25.8,2.0,85.0,7.4
2022-10-10,31.5,24.7,11.0,90.0,10.0
2022-10-11,30.1,23.9,9.2,91.0,10.2
2022-10-12,28.9,23.6,4.6,88.0,11.0
2022-10-13,30.1,23.8,0.5,83.0,8.7
2022-10-14,30.4,22.8,0.0,80.0,12.1
2022-10-15,30.1,20.9,0.0,75.0,9.0
2022-10-16,30.4,21.8,0.0,69.0,9.0
2022-10-17,30.5,21.9,0.0,71.0,11.8
2022-10-18,29.9,21.2,0.0,74.0,13.0
2022-10-19,29.2,21.0,0.0,78.0,12.1
2022-10-20,29.8,20.8,0.0,75.0,9.4
2022-10-21,30.2,20.7,0.0,73.0,8.8
2022-10-22,30.5,20.3,0.0,72.0,10.2
2022-10-23,30.8,20.4,0.0,69.0,15.4
2022-10-24,30.7,19.9,0.3,77.0,10.1
2022-10-25,29.8,21.0,0.0,76.0,16.7
2022-10-26,29.6,19.5,0.0,71.0,9.3
2022-10-27,29.2,18.7,0.0,69.0,10.5
2022-10-28,29.2,18.3,0.0,68.0,11.4
2022-10-29,29.5,19.9,0.0,70.0,9.2
2022-10-30,29.6,18.5,0.0,72.0,9.1
2022-10-31,30.0,19.1,0.0,72.0,8.8
2022-11-01,29.7,20.0,0.0,68.0,10.2
2022-11-02,29.2,19.9,0.0,71.0,10.5
2022-11-03,29.9,19.4,0.0,70.0,11.2
2022-11-04,30.3,18.2,0.0,67.0,8.6
2022-11-05,29.9,18.6,0.0,64.0,9.2
2022-11-06,29.1,20.3,0.0,74.0,10.2
2022-11-07,29.1,19.6,0.0,72.0,10.8
2022-11-08,29.0,19.3,0.0,70.0,9.2
2022-11-09,28.9,19.9,0.0,70.0,10.0
2022-11-10,28.7,18.9,0.0,71.0,10.0
2022-11-11,28.5,19.6,0.0,72.0,14.4
2022-11-12,27.3,17.9,0.0,66.0,15.7
2022-11-13,26.4,16.2,0.0,64.0,13.2
2022-11-14,26.4,14.3,0.0,70.0,11.2
2022-11-15,26.8,15.4,0.0,73.0,11.4
2022-11-16,27.3,16.2,0.0,70.0,12.3
2022-11-17,27.4,16.7,0.0,67.0,13.0
2022-11-18,25.4,14.9,0.0,63.0,12.6
2022-11-19,25.6,14.8,0.0,63.0,10.2
2022-11-20,25.9,14.5,0.0,68.0,9.7
2022-11-21,26.0,14.4,0.0,69.0,11.5
2022-11-22,25.9,15.2,0.0,72.0,11.9
2022-11-23,25.9,14.6,0.0,66.0,12.0
2022-11-24,25.2,14.1,0.0,68.0,12.0
2022-11-25,25.9,14.0,0.0,66.0,12.4
2022-11-26,25.6,14.9,0.0,69.0,11.6
2022-11-27,26.0,14.1,0.0,71.0,10.2
2022-11-28,26.1,14.4,0.0,70.0,11.1
2022-11-29,26.6,14.7,0.0,71.0,10.7
2022-11-30,26.9,14.8,0.0,72.0,9.7
2022-12-01,25.3,14.6,0.0,75.0,11.4
2022-12-02,24.9,13.6,0.0,74.0,11.6
2022-12-03,24.2,13.0,0.0,70.0,11.7
2022-12-04,24.7,13.2,0.0,75.0,11.5
2022-12-05,25.0,13.6,0.0,74.0,12.8
2022-12-06,23.8,14.0,0.0,72.0,16.5
2022-12-07,23.4,12.4,0.0,73.0,15.7
2022-12-08,23.5,11.7,0.0,74.0,11.5
2022-12-09,23.7,12.2,0.0,74.0,11.4
2022-12-10,24.7,12.0,0.0,76.0,10.5
2022-12-11,25.1,13.1,0.0,79.0,11.5
2022-12-12,25.2,13.4,0.0,80.0,11.3
2022-12-13,25.5,13.7,0.0,74.0,13.6
2022-12-14,23.5,12.5,0.0,70.0,12.3
2022-12-15,22.6,12.3,0.0,65.0,17.3
2022-12-16,21.7,10.6,0.0,69.0,13.7
2022-12-17,22.4,11.2,0.0,77.0,11.0
2022-12-18,23.7,11.3,0.0,78.0,11.2
2022-12-19,23.7,13.0,0.0,77.0,9.6
2022-12-20,23.2,12.1,0.0,78.0,11.6
2022-12-21,23.3,11.8,0.0,80.0,11.9
2022-12-22,22.8,12.0,0.0,73.0,12.6
2022-12-23,24.0,11.5,0.0,70.0,9.5
2022-12-24,23.4,12.6,1.3,81.0,13.5
2022-12-25,24.8,15.3,0.0,81.0,9.4
2022-12-26,24.4,14.2,0.0,73.0,9.4
2022-12-27,21.5,13.6,0.0,71.0,17.7
2022-12-28,19.8,10.6,0.0,74.0,11.8
2022-12-29,19.9,9.2,0.0,79.0,10.1
2022-12-30,20.5,11.5,0.0,81.0,9.8
2022-12-31,21.1,10.4,0.0,82.0,9.5
2023-01-01,21.5,10.7,0.0,85.0,10.8
2023-01-02,21.0,11.1,0.0,86.0,11.0
2023-01-03,19.9,10.1,0.0,85.0,9.4
2023-01-04,18.5,9.0,0.0,84.0,12.4
2023-01-05,18.4,9.0,0.0,85.0,10.6
2023-01-06,18.4,8.8,0.0,85.0,16.2
2023-01-07,17.2,8.5,0.0,86.0,13.8
2023-01-08,18.4,7.8,0.0,85.0,11.9
2023-01-09,18.2,7.9,0.0,89.0,10.2
2023-01-10,17.7,8.0,0.0,91.0,12.0
2023-01-11,18.9,8.2,0.0,91.0,13.7
2023-01-12,18.6,8.7,0.0,92.0,9.7
2023-01-13,21.1,9.3,0.0,86.0,9.0
2023-01-14,23.5,10.2,0.0,83.0,14.1
2023-01-15,20.2,11.2,0.0,77.0,22.0
2023-01-16,18.1,8.4,0.0,74.0,14.1
2023-01-17,17.8,7.5,0.0,79.0,11.2
2023-01-18,18.3,7.6,0.0,82.0,10.9
2023-01-19,18.5,8.8,0.0,82.0,12.1
2023-01-20,19.9,9.2,0.0,79.0,8.9
2023-01-21,22.2,11.6,0.0,82.0,9.8
2023-01-22,22.0,11.9,0.0,84.0,11.0
2023-01-23,24.8,12.9,0.0,80.0,12.4
2023-01-24,25.1,13.4,0.0,83.0,9.8
2023-01-25,25.2,13.9,0.0,85.0,10.1
2023-01-26,24.8,15.6,0.1,79.0,17.3
2023-01-27,24.8,16.7,0.0,80.0,18.4
2023-01-28,22.4,13.6,0.0,81.0,13.4
2023-01-29,22.8,12.2,0.0,85.0,11.3
2023-01-30,24.7,11.7,0.0,80.0,10.0
2023-01-31,25.2,13.8,0.0,75.0,18.7
2023-02-01,23.4,14.3,0.0,69.0,21.5
2023-02-02,21.7,12.2,0.0,78.0,11.9
2023-02-03,23.3,12.1,0.0,78.0,16.3
2023-02-04,23.6,13.0,0.0,73.0,17.3
2023-02-05,25.0,13.3,0.0,72.0,16.4
2023-02-06,24.9,12.1,0.0,71.0,15.8
2023-02-07,25.9,12.3,0.0,74.0,9.5
2023-02-08,25.6,15.0,0.0,67.0,17.6
2023-02-09,24.2,12.2,0.0,65.0,12.4
2023-02-10,26.1,13.3,0.0,70.0,10.9
2023-02-11,27.7,13.4,0.0,69.0,9.9
2023-02-12,27.0,17.3,0.0,54.0,30.3
2023-02-13,22.7,13.8,0.0,43.0,25.7
2023-02-14,23.0,10.1,0.0,62.0,10.8
2023-02-15,23.8,11.3,0.0,65.0,9.4
2023-02-16,25.7,13.4,0.0,66.0,11.2
2023-02-17,27.6,15.7,0.0,66.0,11.8
2023-02-18,28.6,15.7,0.0,65.0,10.2
2023-02-19,29.1,18.0,0.0,66.0,11.5
2023-02-20,29.2,16.4,0.0,67.0,13.7
2023-02-21,30.4,17.1,0.0,66.0,9.8
2023-02-22,31.7,17.2,0.0,60.0,19.8
2023-02-23,31.3,17.2,0.0,47.0,23.0
2023-02-24,30.0,15.3,0.0,51.0,15.5
2023-02-25,29.0,13.9,0.0,54.0,11.2
2023-02-26,28.8,15.3,0.0,59.0,11.5
2023-02-27,29.8,15.4,0.0,56.0,13.4
2023-02-28,30.9,16.9,0.0,59.0,16.8
2023-03-01,31.7,16.0,0.0,56.0,12.9
2023-03-02,32.2,17.1,0.0,49.0,20.4
2023-03-03,32.4,18.9,0.0,48.0,21.4
2023-03-04,32.3,18.3,0.0,47.0,19.7
2023-03-05,32.4,19.7,0.0,49.0,23.0
2023-03-06,32.1,20.5,0.0,42.0,24.2
2023-03-07,31.5,17.7,0.0,45.0,18.5
2023-03-08,25.8,18.4,6.6,63.0,23.4
2023-03-09,31.1,17.5,0.0,60.0,12.9
2023-03-10,31.8,18.4,0.0,54.0,12.4
2023-03-11,30.9,18.0,0.2,54.0,14.5
2023-03-12,31.6,17.7,0.0,53.0,10.9
2023-03-13,32.1,19.5,0.0,54.0,10.3
2023-03-14,31.9,19.6,0.0,56.0,14.3
2023-03-15,33.1,18.2,0.0,51.0,15.6
2023-03-16,32.8,19.8,0.0,58.0,12.8
2023-03-17,29.2,20.6,0.5,70.0,18.9
2023-03-18,29.3,19.3,1.1,76.0,11.5
2023-03-19,27.7,19.0,7.4,78.0,19.2
2023-03-20,24.2,17.7,1.1,85.0,11.8
2023-03-21,26.5,16.9,0.1,77.0,12.7
2023-03-22,28.7,17.8,0.0,68.0,19.2
2023-03-23,30.2,18.4,0.0,57.0,22.2
2023-03-24,32.0,18.4,0.0,53.0,14.4
2023-03-25,32.7,19.7,0.0,59.0,17.0
2023-03-26,33.6,20.8,0.1,50.0,22.4
2023-03-27,33.7,20.8,0.0,41.0,24.0
2023-03-28,34.0,21.1,0.0,35.0,21.4
2023-03-29,34.6,19.1,0.0,36.0,18.8
2023-03-30,35.8,20.8,0.0,37.0,20.2
2023-03-31,30.9,22.5,1.6,58.0,17.3
2023-04-01,29.4,20.4,7.9,74.0,25.7
2023-04-02,30.5,19.2,0.0,59.0,22.0
2023-04-03,32.9,19.8,0.0,44.0,24.9
2023-04-04,35.7,20.9,0.0,40.0,21.7
2023-04-05,34.7,21.3,0.0,36.0,26.2
2023-04-06,35.6,20.6,0.0,29.0,25.2
2023-04-07,36.6,21.8,0.0,28.0,26.6
2023-04-08,36.5,22.2,0.0,27.0,22.3
2023-04-09,37.4,23.1,0.0,28.0,21.4
2023-04-10,37.3,22.4,0.0,26.0,26.7
2023-04-11,38.1,21.9,0.0,21.0,23.7
2023-04-12,38.8,22.5,0.0,23.0,26.1
2023-04-13,40.5,25.3,0.0,25.0,31.8
2023-04-14,40.7,24.8,0.0,26.0,22.3
2023-04-15,40.6,23.1,0.0,28.0,22.6
2023-04-16,41.3,25.9,0.0,25.0,23.2
2023-04-17,41.8,24.9,0.0,23.0,24.1
2023-04-18,42.7,25.4,0.0,22.0,24.8
2023-04-19,42.3,28.2,0.0,19.0,27.1
2023-04-20,41.9,28.1,0.0,20.0,32.3
2023-04-21,37.9,27.2,0.0,27.0,31.8
2023-04-22,36.4,24.3,0.0,35.0,24.8
2023-04-23,34.6,25.5,0.0,40.0,18.4
2023-04-24,33.3,22.2,0.0,57.0,23.2
2023-04-25,33.1,23.4,0.0,55.0,10.3
2023-04-26,35.5,23.7,0.0,45.0,18.1
2023-04-27,34.8,24.5,0.1,46.0,17.4
2023-04-28,36.2,23.5,0.0,44.0,16.1
2023-04-29,36.4,24.3,0.0,41.0,21.6
2023-04-30,33.3,23.1,2.2,64.0,16.5
2023-05-01,29.7,22.4,2.8,76.0,16.0
2023-05-02,30.2,22.3,1.1,75.0,13.0
2023-05-03,31.2,22.5,1.7,72.0,8.6
2023-05-04,30.9,23.0,0.2,72.0,16.9
2023-05-05,33.5,22.8,0.0,58.0,17.2
2023-05-06,35.5,23.3,0.0,46.0,20.1
2023-05-07,37.8,24.7,0.0,36.0,25.1
2023-05-08,38.7,23.0,0.0,32.0,23.7
2023-05-09,40.0,24.0,0.0,35.0,21.8
2023-05-10,38.5,26.4,0.0,26.0,24.7
2023-05-11,38.4,22.7,0.0,33.0,15.8
2023-05-12,37.4,25.3,0.0,41.0,11.2
2023-05-13,37.6,26.9,0.0,49.0,16.3
2023-05-14,39.2,27.1,0.0,41.0,21.1
2023-05-15,37.3,26.0,0.5,48.0,20.6
2023-05-16,40.5,25.9,0.0,47.0,22.6
2023-05-17,38.4,25.6,0.0,58.0,27.8
2023-05-18,35.3,25.7,0.0,64.0,17.7
2023-05-19,38.6,25.3,0.0,57.0,19.6
2023-05-20,40.3,25.0,0.0,50.0,24.0
2023-05-21,40.1,25.8,0.0,56.0,18.4
2023-05-22,38.4,26.7,0.0,59.0,21.7
2023-05-23,31.4,26.4,3.9,71.0,34.6
2023-05-24,33.7,25.3,6.8,69.0,18.4
2023-05-25,37.0,26.8,0.3,64.0,18.7
2023-05-26,33.6,24.1,17.3,72.0,16.5
2023-05-27,34.4,23.7,0.1,68.0,8.3
2023-05-28,35.2,23.9,0.0,60.0,16.7
2023-05-29,36.1,27.1,0.5,59.0,12.2
2023-05-30,38.0,27.9,0.0,52.0,12.4
2023-05-31,39.5,28.4,0.0,43.0,22.5
2023-06-01,38.8,27.6,0.0,36.0,25.3
2023-06-02,39.8,26.7,0.0,35.0,25.6
2023-06-03,40.4,27.7,0.0,33.0,21.7
2023-06-04,40.6,26.1,0.0,35.0,21.7
2023-06-05,39.7,26.4,0.0,37.0,17.7
2023-06-06,40.4,27.8,0.0,39.0,17.1
2023-06-07,40.5,28.4,0.0,35.0,17.6
2023-06-08,41.6,28.0,0.0,28.0,21.3
2023-06-09,42.0,27.2,0.0,30.0,20.1
2023-06-10,41.6,28.1,0.0,47.0,21.2
2023-06-11,40.6,29.4,0.0,49.0,23.7
2023-06-12,41.2,27.9,0.0,51.0,18.3
2023-06-13,42.0,29.2,0.0,52.0,28.5
2023-06-14,43.3,29.8,0.0,40.0,34.4
2023-06-15,42.3,33.6,0.0,30.0,36.9
2023-06-16,42.5,33.4,0.0,32.0,32.4
2023-06-17,42.7,33.3,0.0,33.0,26.5
2023-06-18,43.6,29.6,0.0,49.0,26.4
2023-06-19,41.0,29.1,0.0,56.0,20.5
2023-06-20,38.3,28.5,3.6,63.0,20.3
2023-06-21,37.8,29.5,19.7,68.0,16.4
2023-06-22,35.0,27.5,9.6,75.0,18.0
2023-06-23,36.5,28.1,0.6,70.0,18.0
2023-06-24,36.6,29.0,3.6,65.0,22.1
2023-06-25,36.7,26.7,3.3,65.0,24.2
2023-06-26,36.0,28.9,1.0,63.0,31.8
2023-06-27,35.2,27.6,1.6,70.0,30.4
2023-06-28,35.5,26.4,2.2,75.0,27.3
2023-06-29,31.8,25.4,41.1,88.0,22.7
2023-06-30,33.6,25.5,20.3,86.0,17.7
2023-07-01,33.9,26.2,12.5,84.0,9.8
2023-07-02,33.4,26.1,34.8,86.0,13.4
2023-07-03,32.6,26.3,20.5,86.0,11.5
2023-07-04,32.4,26.3,40.7,86.0,15.1
2023-07-05,32.3,26.0,18.9,87.0,19.1
2023-07-06,34.7,27.1,1.9,79.0,19.5
2023-07-07,32.1,26.0,4.7,85.0,24.3
2023-07-08,33.9,26.6,7.4,80.0,20.9
2023-07-09,34.2,26.6,2.1,78.0,16.5
2023-07-10,34.3,26.6,10.2,81.0,12.6
2023-07-11,33.5,27.0,5.1,83.0,12.3
2023-07-12,32.6,27.8,11.5,86.0,14.3
2023-07-13,33.7,27.3,14.6,82.0,14.1
2023-07-14,31.6,26.4,15.2,87.0,12.8
2023-07-15,32.3,25.9,34.2,87.0,14.8
2023-07-16,34.1,25.3,3.5,77.0,18.8
2023-07-17,33.4,27.4,1.2,74.0,23.1
2023-07-18,34.3,27.3,0.5,73.0,21.4
2023-07-19,35.7,28.1,0.0,69.0,21.8
2023-07-20,36.0,28.3,0.0,68.0,20.6
2023-07-21,36.0,28.9,1.1,70.0,25.6
2023-07-22,35.1,28.1,2.6,71.0,25.6
2023-07-23,36.1,28.4,0.0,67.0,21.4
2023-07-24,36.1,28.6,0.0,66.0,15.9
2023-07-25,34.9,28.5,0.0,69.0,17.2
2023-07-26,36.2,28.3,0.0,66.0,18.8
2023-07-27,35.7,26.9,1.8,69.0,19.9
2023-07-28,35.5,28.3,1.6,68.0,16.9
2023-07-29,34.4,28.6,2.2,78.0,15.1
2023-07-30,32.0,26.4,18.4,84.0,10.8
2023-07-31,35.2,27.0,6.2,78.0,11.2
2023-08-01,34.9,26.8,32.4,84.0,12.3
2023-08-02,34.0,26.5,9.6,77.0,30.6
2023-08-03,32.8,26.8,3.5,77.0,30.6
2023-08-04,33.6,27.3,2.7,74.0,23.5
2023-08-05,32.8,27.0,4.3,80.0,14.0
2023-08-06,31.3,26.9,23.8,87.0,14.1
2023-08-07,29.5,26.1,42.0,92.0,16.4
2023-08-08,30.1,25.9,17.5,87.0,14.4
2023-08-09,30.5,25.9,48.5,87.0,24.9
2023-08-10,32.4,25.8,6.9,84.0,18.5
2023-08-11,31.7,26.1,4.2,85.0,19.4
2023-08-12,33.4,26.3,7.1,81.0,22.5
2023-08-13,32.6,27.2,0.8,78.0,16.3
2023-08-14,33.1,26.2,0.8,86.0,15.1
2023-08-15,34.0,26.6,1.5,81.0,14.4
2023-08-16,34.3,26.4,0.3,79.0,14.9
2023-08-17,33.5,26.3,17.8,85.0,13.2
2023-08-18,32.9,26.6,7.2,85.0,17.5
2023-08-19,33.7,27.4,0.6,76.0,23.8
2023-08-20,34.0,27.4,0.7,75.0,17.9
2023-08-21,33.3,27.5,5.7,82.0,12.2
2023-08-22,32.7,26.7,16.0,85.0,12.0
2023-08-23,32.4,25.7,17.8,88.0,10.5
2023-08-24,30.6,25.6,27.7,91.0,17.7
2023-08-25,32.1,25.9,7.2,83.0,17.5
2023-08-26,31.4,25.0,13.5,85.0,21.3
2023-08-27,33.4,26.7,0.0,71.0,24.9
2023-08-28,32.9,26.6,0.3,70.0,19.1
2023-08-29,33.0,25.5,0.6,78.0,16.0
2023-08-30,33.8,25.7,0.1,78.0,11.7
2023-08-31,34.1,26.4,0.2,78.0,9.6
2023-09-01,34.5,26.9,0.3,78.0,16.6
2023-09-02,33.3,27.6,16.8,83.0,13.7
2023-09-03,35.0,27.1,10.1,84.0,14.8
2023-09-04,31.7,26.2,19.1,90.0,16.9
2023-09-05,32.3,26.6,2.6,87.0,15.0
2023-09-06,33.9,26.7,3.3,84.0,16.1
2023-09-07,33.1,26.8,5.1,82.0,22.2
2023-09-08,29.4,25.8,17.5,88.0,26.9
2023-09-09,30.7,25.0,16.5,90.0,19.6
2023-09-10,32.5,26.2,3.8,88.0,14.6
2023-09-11,34.2,27.4,0.0,81.0,11.1
2023-09-12,33.5,27.4,7.4,82.0,13.1
2023-09-13,32.1,26.8,5.1,87.0,16.2
2023-09-14,33.6,26.8,1.0,80.0,23.1
2023-09-15,32.1,27.2,10.5,78.0,26.6
2023-09-16,32.4,26.8,7.1,84.0,15.3
2023-09-17,32.9,25.9,3.8,86.0,19.2
2023-09-18,32.9,25.8,8.9,85.0,9.2
2023-09-19,32.3,25.9,4.5,84.0,16.7
2023-09-20,31.7,26.3,1.4,82.0,18.0
2023-09-21,30.1,24.8,13.8,87.0,20.8
2023-09-22,27.9,24.5,25.7,94.0,23.3
2023-09-23,29.2,24.2,21.2,92.0,16.4
2023-09-24,29.6,24.5,8.9,89.0,12.9
2023-09-25,30.6,24.4,6.8,90.0,14.5
2023-09-26,31.1,24.3,13.1,89.0,10.4
2023-09-27,32.7,25.0,0.0,83.0,5.2
2023-09-28,32.4,25.9,0.4,85.0,7.2
2023-09-29,33.2,26.4,8.0,85.0,8.6
2023-09-30,32.3,26.3,12.2,90.0,14.2
2023-10-01,30.9,25.6,34.5,91.0,19.8
2023-10-02,31.6,25.7,35.8,89.0,19.5
2023-10-03,31.3,25.5,25.4,90.0,20.5
2023-10-04,26.3,24.3,49.6,94.0,22.0
2023-10-05,30.2,24.4,1.9,87.0,19.7
2023-10-06,31.7,23.4,0.5,84.0,8.4
2023-10-07,31.2,25.0,0.3,85.0,9.6
2023-10-08,32.5,24.6,2.8,82.0,14.3
2023-10-09,33.5,25.0,0.0,78.0,18.8
2023-10-10,33.6,24.8,0.0,78.0,13.9
2023-10-11,33.1,23.6,2.1,79.0,13.3
2023-10-12,33.4,21.3,0.0,68.0,10.7
2023-10-13,33.0,22.4,0.0,70.0,11.4
2023-10-14,31.5,21.1,0.0,75.0,12.2
2023-10-15,31.9,21.6,0.0,77.0,13.7
2023-10-16,30.6,22.5,0.5,81.0,14.1
2023-10-17,29.9,21.9,2.0,83.0,21.1
2023-10-18,29.9,21.9,0.0,76.0,10.9
2023-10-19,30.2,21.0,0.0,73.0,10.7
2023-10-20,30.0,19.7,0.0,71.0,10.1
2023-10-21,30.0,19.5,0.0,65.0,9.9
2023-10-22,29.9,19.1,0.0,66.0,10.4
2023-10-23,29.9,19.1,0.0,68.0,9.4
2023-10-24,30.3,20.9,0.2,68.0,8.4
2023-10-25,30.3,21.2,0.0,68.0,11.8
2023-10-26,30.1,18.8,0.0,66.0,9.9
2023-10-27,29.9,18.9,0.0,66.0,8.0
2023-10-28,30.5,19.3,0.0,67.0,9.7
2023-10-29,30.1,20.8,0.0,64.0,9.5
2023-10-30,30.0,18.6,0.0,70.0,8.6
2023-10-31,30.9,20.3,0.0,70.0,8.6
2023-11-01,31.1,21.4,0.0,71.0,8.2
2023-11-02,30.7,20.9,0.0,72.0,8.9
2023-11-03,30.1,21.1,0.0,68.0,7.3
2023-11-04,30.3,20.6,0.0,65.0,11.0
2023-11-05,30.2,18.0,0.0,63.0,10.9
2023-11-06,30.0,20.7,0.0,61.0,9.6
2023-11-07,29.0,17.3,0.0,67.0,11.3
2023-11-08,28.8,17.0,0.0,73.0,12.0
2023-11-09,29.4,17.8,0.0,73.0,9.8
2023-11-10,29.3,17.8,0.0,75.0,11.1
2023-11-11,29.4,18.3,0.0,77.0,11.3
2023-11-12,28.2,17.9,0.0,77.0,9.4
2023-11-13,28.5,17.9,0.0,72.0,10.5
2023-11-14,28.0,16.7,0.0,72.0,10.0
2023-11-15,28.1,17.0,0.0,71.0,8.8
2023-11-16,28.7,17.3,0.0,69.0,9.0
2023-11-17,29.3,19.1,0.0,76.0,9.2
2023-11-18,28.8,18.3,0.0,74.0,8.5
2023-11-19,29.3,19.1,0.0,75.0,9.7
2023-11-20,28.9,17.4,0.0,70.0,11.8
2023-11-21,27.4,17.1,0.0,69.0,16.3
2023-11-22,26.2,16.6,0.0,70.0,10.7
2023-11-23,26.5,14.9,0.0,70.0,10.2
2023-11-24,26.0,15.8,0.0,67.0,9.2
2023-11-25,26.2,13.7,0.0,73.0,10.2
2023-11-26,27.1,15.2,0.0,73.0,8.8
2023-11-27,26.9,16.8,0.0,72.0,8.1
2023-11-28,26.2,17.9,0.2,74.0,9.7
2023-11-29,27.5,16.7,0.0,76.0,9.7
2023-11-30,25.7,17.5,0.0,79.0,12.1
2023-12-01,25.0,18.1,1.2,85.0,9.6
2023-12-02,27.2,18.0,0.0,82.0,8.4
2023-12-03,28.9,17.5,0.0,78.0,12.4
2023-12-04,27.8,16.4,0.0,73.0,9.3
2023-12-05,24.6,17.6,0.0,72.0,10.7
2023-12-06,24.3,17.9,0.0,79.0,11.1
2023-12-07,21.9,17.5,8.7,88.0,6.9
2023-12-08,24.5,16.0,0.0,84.0,13.4
2023-12-09,25.5,16.3,0.0,72.0,17.4
2023-12-10,23.7,13.5,0.0,64.0,17.7
2023-12-11,23.2,11.7,0.0,71.0,10.9
2023-12-12,23.0,11.5,0.0,74.0,11.2
2023-12-13,22.7,11.4,0.0,68.0,16.5
2023-12-14,23.1,12.2,0.0,72.0,14.3
2023-12-15,22.8,10.4,0.0,71.0,11.2
2023-12-16,22.8,11.5,0.0,70.0,12.4
2023-12-17,23.1,10.3,0.0,71.0,11.2
2023-12-18,22.3,10.4,0.0,66.0,14.1
2023-12-19,22.0,11.1,0.0,72.0,10.2
2023-12-20,22.4,11.3,0.0,65.0,12.8
2023-12-21,22.5,11.1,0.0,72.0,9.8
2023-12-22,23.0,11.0,0.0,73.0,9.0
2023-12-23,24.7,14.1,0.0,76.0,9.1
2023-12-24,24.8,13.9,0.0,78.0,10.7
2023-12-25,24.9,12.9,0.0,77.0,10.0
2023-12-26,24.8,13.1,0.0,74.0,10.0
2023-12-27,24.5,12.6,0.0,76.0,10.1
2023-12-28,24.1,12.6,0.0,76.0,9.9
2023-12-29,24.0,12.1,0.0,79.0,10.7
2023-12-30,23.2,11.7,0.0,81.0,11.0
2023-12-31,21.4,10.5,0.0,84.0,9.4
2024-01-01,19.5,9.0,0.0,85.0,9.7
2024-01-02,21.6,9.0,0.0,82.0,9.4
2024-01-03,21.9,11.1,0.0,87.0,8.1
2024-01-04,22.6,13.3,0.0,83.0,8.6
2024-01-05,23.5,12.5,0.0,87.0,9.2
2024-01-06,21.2,15.7,1.4,91.0,8.9
2024-01-07,23.2,13.1,0.2,85.0,12.2
2024-01-08,22.2,12.4,0.0,84.0,12.6
2024-01-09,23.0,11.2,0.0,84.0,11.5
2024-01-10,22.4,13.4,0.0,76.0,16.6
2024-01-11,19.8,10.3,0.0,81.0,12.6
2024-01-12,19.4,10.2,0.0,82.0,12.1
2024-01-13,19.2,9.5,0.0,84.0,10.4
2024-01-14,19.4,8.2,0.0,85.0,11.2
2024-01-15,19.2,8.1,0.0,88.0,9.9
2024-01-16,19.8,8.4,0.0,84.0,8.3
2024-01-17,20.6,8.3,0.0,90.0,9.6
2024-01-18,19.6,11.9,0.2,87.0,7.8
2024-01-19,18.7,9.8,0.0,81.0,10.0
2024-01-20,19.0,8.0,0.0,82.0,9.7
2024-01-21,17.5,8.5,0.0,85.0,12.6
2024-01-22,18.2,7.5,0.0,89.0,10.7
2024-01-23,18.2,7.7,0.0,89.0,11.4
2024-01-24,19.4,7.9,0.0,89.0,10.5
2024-01-25,18.7,6.8,0.0,85.0,10.4
2024-01-26,19.7,7.3,0.0,86.0,11.3
2024-01-27,20.3,8.3,0.0,79.0,12.3
2024-01-28,20.4,7.4,0.0,76.0,9.2
2024-01-29,21.7,8.8,0.0,81.0,9.3
2024-01-30,22.0,9.9,0.0,82.0,8.7
2024-01-31,22.9,10.2,0.0,81.0,12.1
2024-02-01,23.9,10.7,0.0,76.0,10.9
2024-02-02,23.3,11.5,0.0,72.0,17.5
2024-02-03,22.9,12.6,0.0,68.0,19.1
2024-02-04,23.3,12.2,0.0,68.0,12.8
2024-02-05,20.3,14.2,4.8,88.0,13.6
2024-02-06,23.2,14.0,0.0,84.0,17.4
2024-02-07,21.5,11.5,0.0,67.0,20.3
2024-02-08,20.0,11.9,0.0,64.0,21.0
2024-02-09,20.5,8.6,0.0,73.0,10.9
2024-02-10,22.1,8.7,0.0,74.0,12.9
2024-02-11,23.2,8.4,0.0,73.0,10.8
2024-02-12,25.0,11.2,0.0,71.0,11.1
2024-02-13,24.3,13.8,1.2,81.0,11.0
2024-02-14,23.0,16.0,2.5,90.0,12.7
2024-02-15,24.3,14.3,0.0,86.0,11.2
2024-02-16,25.3,13.3,0.0,80.0,11.3
2024-02-17,25.5,14.7,0.0,73.0,16.0
2024-02-18,25.0,11.2,0.0,73.0,10.6
2024-02-19,26.2,12.2,0.0,73.0,10.9
2024-02-20,28.0,14.5,0.0,72.0,10.8
2024-02-21,27.6,15.3,2.3,75.0,21.6
2024-02-22,24.8,17.4,5.8,80.0,15.2
2024-02-23,24.7,13.4,0.0,68.0,14.8
2024-02-24,23.8,11.1,0.0,53.0,11.3
2024-02-25,25.2,13.9,0.0,59.0,12.1
2024-02-26,26.0,12.9,0.0,57.0,11.1
2024-02-27,26.2,13.3,0.0,65.0,13.2
2024-02-28,26.3,14.0,0.0,65.0,18.0
2024-02-29,26.3,14.7,0.0,61.0,15.3
2024-03-01,26.9,12.9,0.0,67.0,10.1
2024-03-02,28.8,14.6,0.0,63.0,12.8
2024-03-03,25.8,17.2,1.8,76.0,15.8
2024-03-04,27.8,17.9,4.3,76.0,13.6
2024-03-05,25.7,15.9,0.0,65.0,20.9
2024-03-06,25.2,12.9,0.0,55.0,16.8
2024-03-07,25.9,12.8,0.0,57.0,14.4
2024-03-08,27.8,15.0,0.0,51.0,21.2
2024-03-09,27.6,15.4,0.0,49.0,21.2
2024-03-10,26.8,14.1,0.0,55.0,10.2
2024-03-11,28.9,13.6,0.0,57.0,12.2
2024-03-12,31.8,16.7,0.0,50.0,18.8
2024-03-13,32.0,17.9,0.0,49.0,13.0
2024-03-14,31.8,16.9,0.0,46.0,15.6
2024-03-15,32.2,16.2,0.0,46.0,15.8
2024-03-16,31.5,17.6,0.0,47.0,10.7
2024-03-17,31.5,17.5,0.0,53.0,11.8
2024-03-18,30.8,17.1,0.0,50.0,11.4
2024-03-19,31.6,19.0,0.0,55.0,14.6
2024-03-20,22.4,18.1,28.7,85.0,27.2
2024-03-21,25.0,17.2,1.7,79.0,16.9
2024-03-22,27.0,15.6,0.3,77.0,8.7
2024-03-23,31.0,17.3,0.0,68.0,12.0
2024-03-24,31.1,18.5,0.0,74.0,11.8
2024-03-25,32.2,20.3,1.4,75.0,17.0
2024-03-26,32.0,19.2,0.0,66.0,15.2
2024-03-27,31.2,20.1,0.0,71.0,14.4
2024-03-28,31.7,20.9,0.0,70.0,16.5
2024-03-29,32.9,21.7,0.0,70.0,11.3
2024-03-30,35.0,22.5,0.1,67.0,12.1
2024-03-31,36.1,20.9,0.6,51.0,22.8
2024-04-01,36.2,24.0,0.0,34.0,29.4
2024-04-02,35.4,21.4,0.0,30.0,27.0
2024-04-03,36.3,22.0,0.0,33.0,19.8
2024-04-04,38.0,21.0,0.0,35.0,15.0
2024-04-05,38.0,22.2,0.0,33.0,21.9
2024-04-06,37.3,26.7,0.0,30.0,17.8
2024-04-07,36.3,23.5,0.0,32.0,28.2
2024-04-08,36.9,23.0,0.0,33.0,22.1
2024-04-09,37.1,22.7,0.0,31.0,18.2
2024-04-10,37.0,21.4,0.0,30.0,16.3
2024-04-11,36.3,21.3,0.0,38.0,12.0
2024-04-12,35.9,19.9,0.0,50.0,11.2
2024-04-13,36.8,22.1,0.0,44.0,12.0
2024-04-14,37.6,24.1,0.0,40.0,14.3
2024-04-15,38.9,24.9,0.0,39.0,17.6
2024-04-16,39.3,25.7,0.0,31.0,25.5
2024-04-17,38.4,26.9,0.0,25.0,27.8
2024-04-18,38.3,23.9,0.0,22.0,31.0
2024-04-19,41.4,22.8,0.0,28.0,35.7
2024-04-20,42.1,26.7,0.0,19.0,33.1
2024-04-21,40.5,26.3,0.0,18.0,28.2
2024-04-22,39.2,26.7,0.0,25.0,27.6
2024-04-23,39.5,29.2,0.0,29.0,32.0
2024-04-24,40.9,25.2,0.0,22.0,26.8
2024-04-25,40.9,26.1,0.0,18.0,28.6
2024-04-26,42.1,25.9,0.0,17.0,28.2
2024-04-27,41.9,29.3,0.0,21.0,24.4
2024-04-28,42.1,29.4,0.0,20.0,28.5
2024-04-29,42.0,26.5,0.0,18.0,27.4
2024-04-30,42.8,28.7,0.0,17.0,30.0
2024-05-01,40.5,27.2,0.0,16.0,25.6
2024-05-02,38.2,25.6,0.0,16.0,27.4
2024-05-03,38.7,22.3,0.0,22.0,13.5
2024-05-04,40.4,23.9,0.0,20.0,19.4
2024-05-05,41.4,24.6,0.0,28.0,21.3
2024-05-06,37.2,25.1,0.0,57.0,27.2
2024-05-07,34.9,24.5,0.0,62.0,27.2
2024-05-08,34.4,23.7,0.0,58.0,21.8
2024-05-09,33.5,22.8,13.1,66.0,18.8
2024-05-10,34.4,23.9,0.5,63.0,17.4
2024-05-11,35.1,25.8,0.9,61.0,23.8
2024-05-12,33.5,24.0,4.9,70.0,27.9
2024-05-13,36.0,25.8,0.0,61.0,13.8
2024-05-14,38.2,26.6,0.0,54.0,13.0
2024-05-15,40.3,28.2,0.0,44.0,16.6
2024-05-16,39.8,28.1,0.4,47.0,16.2
2024-05-17,41.5,28.0,0.0,40.0,17.2
2024-05-18,41.7,29.1,0.0,38.0,19.3
2024-05-19,38.9,27.2,0.0,56.0,17.4
2024-05-20,37.5,27.9,0.0,59.0,25.0
2024-05-21,35.7,24.7,2.4,64.0,23.8
2024-05-22,34.7,25.7,0.3,65.0,23.8
2024-05-23,34.9,25.4,4.2,75.0,24.1
2024-05-24,37.0,27.8,1.4,64.0,19.6
2024-05-25,39.2,29.3,0.0,55.0,11.7
2024-05-26,38.8,29.9,0.0,57.0,19.9
2024-05-27,36.4,29.4,0.0,62.0,23.5
2024-05-28,42.6,28.4,0.0,55.0,18.4
2024-05-29,41.3,29.4,0.0,63.0,19.7
2024-05-30,40.6,30.3,1.1,64.0,24.6
2024-05-31,40.0,28.3,0.0,64.0,19.6
2024-06-01,38.0,28.1,0.0,68.0,22.9
2024-06-02,38.1,27.4,0.0,64.0,18.6
2024-06-03,38.4,28.0,1.7,67.0,24.8
2024-06-04,39.2,28.2,0.0,62.0,16.7
2024-06-05,37.2,27.5,0.0,66.0,19.8
2024-06-06,37.5,26.4,0.1,63.0,20.5
2024-06-07,39.2,27.5,0.0,59.0,15.0
2024-06-08,41.6,28.3,0.0,50.0,18.0
2024-06-09,42.0,28.8,0.0,54.0,22.0
2024-06-10,41.4,29.1,0.0,57.0,15.6
2024-06-11,41.0,29.5,0.0,59.0,19.1
2024-06-12,40.0,29.4,0.0,64.0,18.2
2024-06-13,40.3,29.4,0.0,64.0,20.9
2024-06-14,38.7,27.6,0.0,65.0,22.7
2024-06-15,38.6,27.1,4.9,68.0,23.4
2024-06-16,38.6,26.7,0.0,67.0,21.4
2024-06-17,39.8,28.2,0.0,63.0,21.0
2024-06-18,42.4,28.8,0.0,55.0,22.0
2024-06-19,40.4,27.9,3.4,58.0,23.2
2024-06-20,36.6,25.9,10.2,68.0,17.2
2024-06-21,35.8,27.1,0.0,67.0,18.4
2024-06-22,36.4,26.4,0.1,67.0,18.1
2024-06-23,36.7,29.1,0.1,63.0,19.8
2024-06-24,37.8,30.0,0.8,62.0,17.3
2024-06-25,35.0,27.9,13.1,71.0,19.4
2024-06-26,33.4,26.9,44.9,83.0,19.3
2024-06-27,35.4,28.8,1.1,71.0,20.2
2024-06-28,35.6,28.8,0.3,69.0,16.0
2024-06-29,34.9,27.3,21.0,79.0,15.5
2024-06-30,32.0,26.8,3.9,82.0,10.1
2024-07-01,33.3,26.3,9.9,83.0,14.9
2024-07-02,33.1,26.3,20.9,84.0,13.6
2024-07-03,31.0,26.1,10.3,89.0,12.1
2024-07-04,30.2,26.1,56.9,91.0,17.2
2024-07-05,31.4,26.1,39.0,91.0,12.2
2024-07-06,31.2,26.1,20.3,91.0,18.1
2024-07-07,32.2,26.3,15.4,86.0,17.1
2024-07-08,33.5,26.1,5.2,83.0,14.1
2024-07-09,34.7,27.8,4.7,79.0,11.2
2024-07-10,32.1,27.9,24.0,87.0,11.0
2024-07-11,33.3,26.5,26.8,87.0,15.7
2024-07-12,32.2,27.2,12.7,87.0,14.2
2024-07-13,32.4,26.6,1.0,84.0,9.5
2024-07-14,33.6,26.4,7.9,82.0,16.9
2024-07-15,33.9,27.9,0.1,76.0,19.3
2024-07-16,33.5,28.3,1.3,75.0,24.2
2024-07-17,33.6,27.8,1.6,77.0,16.8
2024-07-18,35.1,28.3,0.3,73.0,15.5
2024-07-19,34.7,27.4,1.2,77.0,17.7
2024-07-20,34.3,28.7,0.5,74.0,23.9
2024-07-21,34.2,28.2,0.8,73.0,23.7
2024-07-22,33.8,27.9,1.5,76.0,22.0
2024-07-23,33.6,27.2,1.9,78.0,22.4
2024-07-24,34.0,27.4,1.1,77.0,20.6
2024-07-25,34.2,27.6,3.5,79.0,17.7
2024-07-26,35.5,27.4,0.6,75.0,13.7
2024-07-27,35.8,29.2,0.6,73.0,24.6
2024-07-28,34.7,28.5,0.4,72.0,25.5
2024-07-29,36.0,28.7,0.7,72.0,18.2
2024-07-30,35.7,28.7,1.2,74.0,11.5
2024-07-31,33.9,26.8,14.7,81.0,16.9
2024-08-01,32.7,26.7,33.1,86.0,17.6
2024-08-02,27.6,25.8,8.7,87.0,33.7
2024-08-03,29.4,25.6,12.5,89.0,34.8
2024-08-04,32.1,25.8,5.0,82.0,25.2
2024-08-05,32.2,26.6,14.8,84.0,8.3
2024-08-06,31.2,25.9,13.8,87.0,10.4
2024-08-07,31.9,25.4,15.5,87.0,15.1
2024-08-08,31.7,25.6,13.8,86.0,16.9
2024-08-09,32.6,26.1,2.4,85.0,16.7
2024-08-10,32.1,26.1,8.0,85.0,8.8
2024-08-11,30.8,25.6,36.9,89.0,11.5
2024-08-12,31.7,25.8,19.2,86.0,7.9
2024-08-13,32.0,26.2,15.1,87.0,10.5
2024-08-14,32.2,26.5,29.2,89.0,11.4
2024-08-15,33.6,26.1,18.5,83.0,9.6
2024-08-16,34.0,26.4,0.7,83.0,15.0
2024-08-17,34.4,26.4,8.5,79.0,9.2
2024-08-18,33.1,25.8,9.5,81.0,12.9
2024-08-19,32.7,26.1,4.3,81.0,12.9
2024-08-20,32.5,26.4,7.9,80.0,12.6
2024-08-21,31.4,25.6,1.2,80.0,13.7
2024-08-22,32.4,26.2,8.0,86.0,13.0
2024-08-23,28.9,26.2,22.8,89.0,26.0
2024-08-24,32.4,25.8,1.1,82.0,23.3
2024-08-25,33.0,25.5,2.9,82.0,21.9
2024-08-26,32.5,25.9,2.9,81.0,22.9
2024-08-27,30.2,24.8,15.0,87.0,27.9
2024-08-28,32.2,25.5,14.3,85.0,13.6
2024-08-29,32.5,25.7,8.0,87.0,11.4
2024-08-30,33.4,26.2,1.1,84.0,7.9
2024-08-31,33.6,27.1,3.2,82.0,15.2
2024-09-01,31.1,27.5,2.8,84.0,21.3
2024-09-02,32.6,26.2,3.2,81.0,15.8
2024-09-03,34.0,26.8,1.0,79.0,13.6
2024-09-04,32.5,26.7,6.2,85.0,10.1
2024-09-05,30.3,25.7,25.5,90.0,10.9
2024-09-06,32.0,25.2,1.6,87.0,14.4
2024-09-07,34.0,26.2,0.2,79.0,5.8
2024-09-08,33.2,25.9,12.2,85.0,18.4
2024-09-09,32.9,26.8,1.1,82.0,15.8
2024-09-10,33.2,27.5,0.5,76.0,25.0
2024-09-11,33.6,27.1,4.5,79.0,24.5
2024-09-12,32.7,26.7,9.8,84.0,16.5
2024-09-13,32.4,26.9,0.9,82.0,17.2
2024-09-14,30.9,26.3,6.1,86.0,14.5
2024-09-15,31.6,25.8,2.9,84.0,20.6
2024-09-16,28.1,25.8,16.8,88.0,32.2
2024-09-17,31.4,25.5,6.5,80.0,27.6
2024-09-18,32.9,25.0,0.0,79.0,15.5
2024-09-19,33.5,25.0,0.0,77.0,9.2
2024-09-20,33.4,26.5,0.0,78.0,11.1
2024-09-21,33.8,26.3,0.0,77.0,12.6
2024-09-22,33.9,26.1,0.0,78.0,9.0
2024-09-23,34.7,26.9,0.0,78.0,7.2
2024-09-24,31.7,26.5,14.2,85.0,16.9
2024-09-25,29.9,26.3,5.2,86.0,24.3
2024-09-26,27.6,25.1,19.3,92.0,25.1
2024-09-27,28.8,25.0,34.0,92.0,21.1
2024-09-28,30.2,25.3,26.3,91.0,16.4
2024-09-29,31.3,25.0,0.7,88.0,9.5
2024-09-30,31.3,25.8,1.1,85.0,15.3
2024-10-01,32.2,26.0,0.3,81.0,16.8
2024-10-02,32.1,24.8,0.9,83.0,11.2
2024-10-03,31.0,25.0,2.2,85.0,11.2
2024-10-04,30.5,24.9,2.9,88.0,9.5
2024-10-05,31.0,24.1,0.7,82.0,8.6
2024-10-06,30.6,24.5,0.8,85.0,10.4
2024-10-07,30.7,23.7,0.9,85.0,11.4
2024-10-08,31.8,24.3,0.1,82.0,7.9
2024-10-09,31.7,24.9,0.2,81.0,14.7
2024-10-10,32.1,24.9,0.2,79.0,12.0
2024-10-11,32.0,24.2,0.0,76.0,12.7
2024-10-12,30.4,23.3,0.0,73.0,12.8
2024-10-13,31.5,23.4,0.0,74.0,9.1
2024-10-14,30.7,23.4,0.0,76.0,9.2
2024-10-15,31.4,23.2,0.0,77.0,10.0
2024-10-16,30.8,23.4,0.1,73.0,7.6
2024-10-17,30.6,22.5,0.2,74.0,8.1
2024-10-18,31.5,23.0,0.0,72.0,8.1
2024-10-19,31.0,24.0,0.0,73.0,9.1
2024-10-20,29.9,22.4,0.9,78.0,11.8
2024-10-21,31.4,22.0,0.1,79.0,11.4
2024-10-22,31.6,22.4,0.0,75.0,7.0
2024-10-23,32.2,22.5,0.9,74.0,7.1
2024-10-24,30.5,23.3,3.6,76.0,20.5
2024-10-25,29.9,22.0,0.0,74.0,20.0
2024-10-26,30.4,21.8,0.9,77.0,19.8
2024-10-27,30.0,23.2,35.9,86.0,17.1
2024-10-28,31.2,23.3,0.7,84.0,10.2
2024-10-29,30.9,24.3,0.3,81.0,8.2
2024-10-30,32.3,23.8,0.1,77.0,8.8
2024-10-31,32.0,22.8,0.0,71.0,11.1
2024-11-01,33.0,22.6,0.0,68.0,13.0
2024-11-02,31.2,20.3,0.0,67.0,6.5
2024-11-03,30.9,22.0,0.0,70.0,6.7
2024-11-04,29.8,21.1,0.1,73.0,8.9
2024-11-05,29.8,21.9,0.0,71.0,7.7
2024-11-06,30.0,20.8,0.0,72.0,7.6
2024-11-07,30.4,21.6,0.0,74.0,7.7
2024-11-08,29.7,21.8,0.2,74.0,8.0
2024-11-09,29.0,21.7,0.6,78.0,8.3
2024-11-10,29.3,20.7,0.0,77.0,8.0
2024-11-11,29.9,20.2,0.1,73.0,7.8
2024-11-12,29.7,20.3,0.0,74.0,9.8
2024-11-13,29.7,20.5,0.0,74.0,7.8
2024-11-14,29.7,19.9,0.0,69.0,10.1
2024-11-15,27.6,18.4,0.0,70.0,12.8
2024-11-16,27.7,18.1,0.0,71.0,12.3
2024-11-17,27.5,17.3,0.0,74.0,8.9
2024-11-18,27.1,17.2,0.0,74.0,5.2
2024-11-19,27.4,17.1,0.0,72.0,8.0
2024-11-20,27.3,17.0,0.0,70.0,7.3
2024-11-21,26.3,16.8,0.0,68.0,8.6
2024-11-22,25.4,15.4,0.0,70.0,7.7
2024-11-23,25.0,15.1,0.0,73.0,8.5
2024-11-24,25.2,15.0,0.0,75.0,9.3
2024-11-25,25.6,16.2,0.0,74.0,9.7
2024-11-26,26.2,15.9,0.0,71.0,11.6
2024-11-27,25.8,16.0,0.0,73.0,7.4
2024-11-28,25.7,15.0,0.0,69.0,6.1
2024-11-29,26.3,15.4,0.0,69.0,7.9
2024-11-30,25.6,15.0,0.0,70.0,8.5
2024-12-01,24.7,14.3,0.0,71.0,8.1
2024-12-02,25.0,13.9,0.0,74.0,5.4
2024-12-03,25.3,15.1,0.0,75.0,10.7
2024-12-04,25.5,15.5,0.0,73.0,12.3
2024-12-05,24.9,15.8,0.0,68.0,10.8
2024-12-06,23.4,13.7,0.0,63.0,13.2
2024-12-07,23.4,11.6,0.0,64.0,6.5
2024-12-08,23.9,12.8,0.0,66.0,8.5
2024-12-09,24.0,15.5,0.0,72.0,8.5
2024-12-10,23.3,14.0,0.0,69.0,15.2
2024-12-11,21.5,12.1,0.0,65.0,9.9
2024-12-12,21.4,10.1,0.0,65.0,10.0
2024-12-13,21.3,11.6,0.0,67.0,11.5
2024-12-14,21.0,11.0,0.0,60.0,10.0
2024-12-15,22.1,10.0,0.0,63.0,9.6
2024-12-16,23.7,12.0,0.0,64.0,8.6
2024-12-17,24.0,12.5,0.0,70.0,7.3
2024-12-18,24.2,13.6,0.0,71.0,8.1
2024-12-19,24.4,12.8,0.0,73.0,5.5
2024-12-20,24.8,12.8,0.0,71.0,5.2
2024-12-21,24.4,12.8,0.0,70.0,8.8
2024-12-22,24.1,12.6,0.0,73.0,8.2
2024-12-23,23.9,12.3,0.0,72.0,5.4
2024-12-24,25.0,13.2,0.0,69.0,6.6
2024-12-25,22.8,14.6,0.0,70.0,11.2
2024-12-26,25.2,14.2,0.0,75.0,8.1
2024-12-27,25.6,14.8,0.0,75.0,8.7
2024-12-28,25.3,14.4,0.1,76.0,13.1
2024-12-29,24.3,15.8,0.1,78.0,13.6
2024-12-30,22.1,15.1,0.0,81.0,13.8
2024-12-31,20.7,13.3,0.0,83.0,12.2
2025-01-01,18.3,10.7,0.0,81.0,11.7
2025-01-02,18.0,9.4,0.0,81.0,9.9
2025-01-03,19.9,9.7,0.0,83.0,8.0
2025-01-04,20.1,10.0,0.0,87.0,8.7
2025-01-05,20.8,10.7,0.0,90.0,6.5
2025-01-06,23.2,12.9,0.0,88.0,7.2
2025-01-07,20.0,13.2,0.4,89.0,17.4
2025-01-08,17.6,10.5,0.0,81.0,16.6
2025-01-09,17.6,8.5,0.0,79.0,9.4
2025-01-10,19.1,9.5,0.0,80.0,4.9
2025-01-11,21.4,9.5,0.0,86.0,7.3
2025-01-12,23.9,13.0,0.0,82.0,9.5
2025-01-13,22.9,14.3,0.0,82.0,11.4
2025-01-14,21.5,12.8,0.0,82.0,10.0
2025-01-15,21.1,11.3,0.0,84.0,8.7
2025-01-16,19.1,10.8,0.0,85.0,7.8
2025-01-17,21.0,12.1,0.0,84.0,10.2
2025-01-18,21.5,12.3,0.0,80.0,11.4
2025-01-19,21.3,11.5,0.0,79.0,13.3
2025-01-20,21.8,11.6,0.0,81.0,14.3
2025-01-21,22.8,13.1,0.0,85.0,11.7
2025-01-22,23.1,12.8,0.0,87.0,8.3
2025-01-23,22.5,12.4,0.0,90.0,4.6
2025-01-24,23.8,12.1,0.0,84.0,12.9
2025-01-25,21.8,12.2,0.0,69.0,12.7
2025-01-26,21.9,11.2,0.0,69.0,9.8
2025-01-27,22.2,12.1,0.0,73.0,12.2
2025-01-28,22.1,11.5,0.0,72.0,9.3
2025-01-29,22.7,10.7,0.0,77.0,7.0
2025-01-30,23.7,11.1,0.0,79.0,8.3
2025-01-31,25.8,12.3,0.0,77.0,8.9
2025-02-01,25.5,13.4,0.0,80.0,7.6
2025-02-02,26.8,14.2,0.0,73.0,14.8
2025-02-03,25.5,14.9,0.0,67.0,12.7
2025-02-04,25.2,13.2,0.0,69.0,11.0
2025-02-05,27.8,15.3,0.0,68.0,15.8
2025-02-06,23.1,15.7,0.0,61.0,16.6
2025-02-07,22.0,13.0,0.0,56.0,16.2
2025-02-08,22.6,12.0,0.0,59.0,11.5
2025-02-09,24.4,12.0,0.0,66.0,10.6
2025-02-10,26.1,13.0,0.0,65.0,10.6
2025-02-11,26.3,14.4,0.0,59.0,14.6
2025-02-12,28.3,15.6,0.0,54.0,14.8
2025-02-13,24.4,15.9,0.0,54.0,19.1
2025-02-14,23.4,13.7,0.0,51.0,16.5
2025-02-15,25.0,12.8,0.0,57.0,9.9
2025-02-16,27.8,14.4,0.0,61.0,8.7
2025-02-17,27.2,15.8,0.0,65.0,8.9
2025-02-18,27.5,15.6,0.0,65.0,8.9
2025-02-19,28.1,16.1,0.0,60.0,10.0
2025-02-20,29.5,16.6,0.0,58.0,10.1
2025-02-21,29.7,17.8,0.0,61.0,11.0
2025-02-22,29.7,17.6,0.0,60.0,12.6
2025-02-23,27.5,17.3,0.0,61.0,13.0
2025-02-24,27.7,15.7,0.0,56.0,11.1
2025-02-25,28.2,16.5,0.0,52.0,10.1
2025-02-26,27.0,15.7,0.0,56.0,7.7
2025-02-27,28.4,16.2,0.0,60.0,8.8
2025-02-28,29.8,18.4,0.0,65.0,9.7
2025-03-01,30.4,18.9,0.0,62.0,17.3
2025-03-02,30.6,17.6,0.0,56.0,20.0
2025-03-03,29.6,18.4,0.0,47.0,22.4
2025-03-04,30.5,17.7,0.0,46.0,19.8
2025-03-05,26.5,17.9,0.0,40.0,23.8
2025-03-06,24.9,15.1,0.0,46.0,13.6
2025-03-07,27.2,14.9,0.0,55.0,13.1
2025-03-08,30.0,16.0,0.0,48.0,10.3
2025-03-09,31.2,17.2,0.0,46.0,11.4
2025-03-10,31.3,18.5,0.0,53.0,9.6
2025-03-11,31.5,18.4,0.0,50.0,13.0
2025-03-12,33.3,20.1,0.0,48.0,16.2
2025-03-13,34.3,20.4,0.0,50.0,17.5
2025-03-14,35.2,20.6,0.0,45.0,14.5
2025-03-15,36.8,22.3,0.0,41.0,13.5
2025-03-16,34.0,22.7,0.0,43.0,18.3
2025-03-17,35.0,23.1,0.1,39.0,17.1
2025-03-18,32.3,21.5,0.0,31.0,23.8
2025-03-19,32.2,18.3,0.0,39.0,12.9
2025-03-20,32.7,20.7,0.0,48.0,14.2
2025-03-21,30.6,22.2,0.1,61.0,15.5
2025-03-22,32.4,19.6,0.0,55.0,15.4
2025-03-23,32.3,19.1,0.0,51.0,12.4
2025-03-24,33.2,19.2,0.0,47.0,9.2
2025-03-25,34.6,20.3,0.0,41.0,12.6
2025-03-26,36.1,21.2,0.0,34.0,14.2
2025-03-27,38.6,23.0,0.0,28.0,22.1
2025-03-28,38.5,24.3,0.0,25.0,24.5
2025-03-29,35.4,23.6,0.0,20.0,19.4
2025-03-30,35.1,20.8,0.0,21.0,14.4
2025-03-31,36.2,20.3,0.0,25.0,13.4
2025-04-01,37.0,21.9,0.0,23.0,13.9
2025-04-02,35.6,22.7,0.0,23.0,16.4
2025-04-03,37.7,21.9,0.0,27.0,15.8
2025-04-04,38.0,24.5,0.0,27.0,16.1
2025-04-05,38.6,23.8,0.0,20.0,18.4
2025-04-06,39.6,23.4,0.0,22.0,14.9
2025-04-07,37.1,23.5,0.0,49.0,17.0
2025-04-08,35.4,25.2,0.0,49.0,17.1
2025-04-09,38.7,25.4,2.8,52.0,20.3
2025-04-10,33.1,22.4,0.3,68.0,18.1
2025-04-11,31.6,21.8,0.0,73.0,11.7
2025-04-12,33.6,22.6,0.0,67.0,13.6
2025-04-13,33.9,22.9,0.4,68.0,12.5
2025-04-14,31.1,21.6,1.2,75.0,13.5
2025-04-15,33.0,22.3,0.0,66.0,10.3
2025-04-16,34.4,22.5,0.0,61.0,9.2
2025-04-17,35.4,23.9,0.4,60.0,15.3
2025-04-18,31.9,22.5,6.4,73.0,18.1
2025-04-19,33.1,23.0,0.0,68.0,15.4
2025-04-20,36.3,24.3,0.0,59.0,10.1
2025-04-21,39.3,26.0,0.0,52.0,11.1
2025-04-22,40.9,25.6,0.0,45.0,16.7
2025-04-23,40.3,25.0,0.0,22.0,22.7
2025-04-24,40.4,24.2,0.0,20.0,18.0
2025-04-25,41.9,23.2,0.0,20.0,17.5
2025-04-26,42.2,24.8,0.0,21.0,12.4
2025-04-27,38.9,24.9,2.8,40.0,26.8
2025-04-28,32.5,23.5,0.0,63.0,13.2
2025-04-29,31.1,21.8,1.6,69.0,15.5
2025-04-30,32.7,22.2,0.3,62.0,15.5
2025-05-01,31.3,23.3,7.7,70.0,17.1
2025-05-02,33.9,22.3,0.0,56.0,12.3
2025-05-03,36.8,24.2,0.0,51.0,10.9
2025-05-04,36.1,24.3,0.9,54.0,17.0
2025-05-05,37.7,23.8,7.9,57.0,21.3
2025-05-06,32.9,23.4,0.8,71.0,9.7
2025-05-07,36.2,24.7,0.0,61.0,9.7
2025-05-08,38.8,25.5,0.0,48.0,15.3
2025-05-09,40.1,26.1,0.0,36.0,15.5
2025-05-10,39.2,28.4,0.0,38.0,19.3
2025-05-11,40.0,28.3,0.1,40.0,21.7
2025-05-12,38.8,28.1,0.0,48.0,15.8
2025-05-13,39.0,26.5,0.0,55.0,16.3
2025-05-14,40.5,25.5,0.0,45.0,14.0
2025-05-15,40.8,26.9,0.0,50.0,15.9
2025-05-16,40.0,26.4,0.0,61.0,20.9
2025-05-17,37.6,25.8,1.5,65.0,16.9
2025-05-18,36.4,25.7,0.0,65.0,15.3
2025-05-19,34.5,24.1,0.4,71.0,18.8
2025-05-20,36.1,24.5,2.1,69.0,15.8
2025-05-21,35.8,24.8,0.0,68.0,18.9
2025-05-22,33.8,26.4,0.0,69.0,14.1
2025-05-23,33.2,24.3,12.5,74.0,21.7
2025-05-24,31.4,25.0,5.7,75.0,13.3
2025-05-25,34.0,25.9,9.5,78.0,13.6
2025-05-26,32.2,26.2,3.9,79.0,15.4
2025-05-27,34.5,25.4,7.1,75.0,15.2
2025-05-28,35.0,27.1,0.9,70.0,10.4
2025-05-29,36.7,27.9,0.2,65.0,13.9
2025-05-30,37.1,26.9,0.0,62.0,17.5
2025-05-31,37.0,27.9,0.1,61.0,17.5
2025-06-01,39.0,28.8,0.0,54.0,19.4
2025-06-02,37.3,28.0,0.0,50.0,16.1
2025-06-03,35.4,27.1,0.0,53.0,9.8
2025-06-04,33.2,25.9,1.2,68.0,10.2
2025-06-05,34.5,24.8,0.0,64.0,10.4
2025-06-06,34.3,25.8,1.1,63.0,25.3
2025-06-07,37.0,26.7,0.0,51.0,10.8
